,time_trial1_(hrs),tumor_cells_trial1_(ci),cart_cells_trial1_(ci),time_trial2_(hrs),tumor_cells_trial2_(ci),cart_cells_trial2_(ci)
0,32.086667,1.161263686432484,0.24785727033766514,32.086667,1.2820003728996063,0.24708662499700862
1,32.336944,1.1914069212921898,0.25877834939654887,32.336944,1.316144192275837,0.25768891926429516
2,32.586944,1.2237317842295063,0.26949273683928676,32.586944,1.3514880720758822,0.2680950479106251
3,32.837222,1.2581097443840046,0.28002581244633706,32.837222,1.3879718205791016,0.2783295972487684
4,33.087222,1.294264421083791,0.2903557693263392,33.087222,1.4253759306333416,0.288371314539657
5,33.3375,1.33207591671441,0.3005071763136987,33.3375,1.463644926232339,0.29824401837849407
6,33.5875,1.3712602229030697,0.31045907440521286,33.5875,1.5025553342445672,0.30792725987671987
7,33.837778,1.4117041799312997,0.32023519163254166,33.837778,1.5420550286704224,0.3174440603793746
8,34.088056,1.453164473690732,0.3298259535522339,34.088056,1.5819623047528593,0.3267850402901959
9,34.338056,1.4953932756825694,0.33922260903677365,34.338056,1.6220936473282261,0.3359416009773125
10,34.588333,1.5382840248111287,0.3484476147608776,34.588333,1.6623994846353078,0.34493555685496546
11,34.838056,1.5814936869250282,0.3574722322377597,34.838056,1.7026075966624055,0.35373881233588406
12,35.088333,1.6250138605792106,0.36633809646305615,35.088333,1.7427578498050742,0.3623919111584254
13,35.338611,1.6685487576716265,0.3750266182737911,35.338611,1.7826223525176332,0.3708766553011176
14,35.588889,1.7118977134540285,0.38353935837701386,35.588889,1.8220621528016878,0.37919449704373037
15,35.838889,1.7548128039988307,0.3918687471288066,35.838889,1.8608956409436628,0.3873379593667669
16,36.089167,1.7971891668519713,0.4000349041000579,36.089167,1.8990705198741642,0.395326639146382
17,36.339444,1.8387781732924435,0.4080300354480616,36.339444,1.9364043296690256,0.4031528455030914
18,36.589167,1.8792908703698348,0.4158386338720497,36.589167,1.9726791472706504,0.410801307109369
19,36.839444,1.9187068904314901,0.42349693899314145,36.839444,2.0079173873772223,0.41830744398003433
20,37.089444,1.9566934552619684,0.4309808365645169,37.089444,2.0418617873884712,0.4256475519425522
21,37.339722,1.993134581370104,0.4383085348511898,37.339722,2.0744490337797115,0.43283941090406436
22,37.589722,2.0277493046996433,0.4454653478025844,37.589722,2.1054682755937937,0.43986852755241723
23,37.84,2.0604143027798374,0.45246878718100925,37.84,2.134849836877492,0.446752020458985
24,38.090278,2.0908895622806094,0.45931240085638203,38.090278,2.162419555221179,0.4534834746223585
25,38.340278,2.1189447963085866,0.46599044661650735,38.340278,2.1880113161054386,0.4600571503706985
26,38.590556,2.144442094088813,0.47251937144546047,38.590556,2.2115433728594542,0.46648915337481756
27,38.840556,2.1671248036042474,0.4788862637915926,38.840556,2.2328249908984246,0.4727666783651079
28,39.090833,2.186893105461582,0.48510685408338383,39.090833,2.2517992507083995,0.4789051481362742
29,39.340833,2.2037532410712593,0.49116896539262667,39.340833,2.2684577318858463,0.48489245850546886
30,39.591111,2.2178427167240358,0.49708764970487274,39.591111,2.2829054527150268,0.490743386249326
31,39.841111,2.2292301782617763,0.5028513511358809,39.841111,2.2951782667083553,0.4964464169741632
32,40.091389,2.2380410456429454,0.5084744831679381,40.091389,2.3053715189220974,0.5020157200362606
33,40.341667,2.2443613670488824,0.513952150786981,40.341667,2.313538486942427,0.5074463624717268
34,40.591389,2.248285174197659,0.5192742595566845,40.591389,2.3197356110591296,0.512728222805744
35,40.841667,2.2499299411819385,0.5244661021037691,40.841667,2.324058474078166,0.5178863053474376
36,41.091389,2.249388065674615,0.5295061995789884,41.091389,2.32655565526793,0.5228991724750305
37,41.341667,2.2467571362992547,0.5344185888263946,41.341667,2.3273062617673,0.5277906306838966
38,41.591667,2.242142350423103,0.5391882608991085,41.591667,2.3263727973955732,0.5325456423798651
39,41.841944,2.2356335686550177,0.5438274002914655,41.841944,2.3238212497824793,0.5371762502801869
40,42.092222,2.227334970514756,0.5483322606184763,42.092222,2.319719825871764,0.5416786183941776
41,42.341944,2.21737075299849,0.552694852574975,42.341944,2.3141506411784816,0.5460446340386857
42,42.591389,2.205837595913871,0.5569222953420331,42.591389,2.307182430762821,0.5502812822403698
43,42.841389,2.192794020616056,0.5610300588319175,42.841389,2.298857338383598,0.55440396460255
44,43.091667,2.1783470362203605,0.5650145392371542,43.091667,2.289245853856946,0.5584089801889669
45,43.341667,2.1626286831610075,0.5688684775648474,43.341667,2.2784372789335494,0.5622889153545432
46,43.591944,2.1457041679307602,0.5726020253135398,43.591944,2.2664756756443665,0.5660538700843322
47,43.841944,2.127710899443038,0.5762085107415529,43.841944,2.2534554708914833,0.5696969940835105
48,44.092222,2.10870902022632,0.5796975345169986,44.092222,2.2394158036153886,0.573227860195211
49,44.3425,2.0888181393032594,0.5830666146237812,44.3425,2.2244386819560322,0.5766438392752578
50,44.5925,2.068161814486972,0.5863138018146536,44.5925,2.2086102780621673,0.5799428124876238
51,44.842778,2.046794200355071,0.589447912844233,44.842778,2.1919634398814773,0.583133602564682
52,45.092778,2.0248627117260014,0.592463577840413,45.092778,2.174603098411451,0.5862106046874733
53,45.342778,2.0024438312252784,0.5953659337118706,45.342778,2.15657908148601,0.589178907126251
54,45.592778,1.9796374123313398,0.5981565716322909,45.592778,2.1379592757356285,0.5920399921229984
55,45.842778,1.9565433085226234,0.6008370827753584,45.842778,2.1188115677907797,0.5947953419196987
56,46.093056,1.9332215944381785,0.6034118585294371,46.093056,2.0991736057226626,0.597449329299253
57,46.343056,1.9097550701579065,0.6058767716023243,46.343056,2.0791160368499466,0.5999975419658159
58,46.593333,1.8861088807805553,0.6082388897417945,46.593333,2.058613208213654,0.6024471233736431
59,46.843333,1.8623525825661418,0.6104945769306006,46.843333,2.0377293481218666,0.6047941348690942
60,47.093611,1.8384506755763106,0.6126504351794658,47.093611,2.0164369642904307,0.6070452720323934
61,47.343611,1.814473472962949,0.6147032678338501,47.343611,1.9948022027696002,0.6091970175113992
62,47.593611,1.7904116867135187,0.6166571172284664,47.593611,1.972820450043452,0.6112534084230712
63,47.843611,1.7662825152438775,0.6185135745369996,47.843611,1.9505105330498729,0.6132159270093928
64,48.093611,1.7421031569698837,0.6202742309331347,48.093611,1.9278912787267488,0.6150860555123473
65,48.343889,1.7178638742014845,0.6219424788311566,48.343889,1.9049558836403746,0.6168672046166624
66,48.593889,1.6936357295808637,0.6235162048173819,48.593889,1.8817741438392361,0.618556901062609
67,48.844167,1.6693820795988694,0.6250005038687084,48.844167,1.8583133754672023,0.620160388551031
68,49.094167,1.645174018814877,0.6263936712192713,49.094167,1.8346445417050967,0.621675588502748
69,49.344167,1.6210018015551009,0.6276989970646305,49.344167,1.8107605471739892,0.6231058128775204
70,49.594167,1.5968826262354001,0.6289180725784709,49.594167,1.7866802188117639,0.6244525439173316
71,49.842778,1.5729670815242054,0.6300464170713262,49.842778,1.762557615885954,0.6257104609188742
72,50.092222,1.5490582339473966,0.6310959743580609,50.092222,1.7381963930403348,0.6268925489741622
73,50.3425,1.5251740292321387,0.6320675080951687,50.3425,1.7136136637130803,0.6279994888658422
74,50.592778,1.5014118162992023,0.6329589677975029,50.592778,1.6889095131772272,0.6290286818858473
75,50.842778,1.4778150069329947,0.6337710898673375,50.842778,1.6641304355355004,0.6299805984980981
76,51.093056,1.4543483617139696,0.6345072754744605,51.093056,1.639240194452411,0.6308588415810887
77,51.343333,1.4310555493689152,0.6351681722443409,51.343333,1.6142852804352557,0.6316637946453947
78,51.593611,1.4079536395577141,0.6357553819407306,51.593611,1.5892843838172022,0.6323969513108049
79,51.843889,1.3850599815606792,0.6362704982613709,51.843889,1.5642564940050234,0.6330597954078927
80,52.093611,1.3624419265345729,0.6367142069119782,52.093611,1.5392761140539915,0.6336525696800553
81,52.343889,1.3400159812956836,0.6370900772392555,52.343889,1.514250862398903,0.63417939816275
82,52.593889,1.3178744876638648,0.6373983341163267,52.593889,1.4892829858588497,0.6346398963000648
83,52.844167,1.295985442841762,0.6376412581167913,52.844167,1.4643358282095906,0.6350365740558053
84,53.094444,1.2743876338727844,0.6378200652717917,53.094444,1.4394552140468295,0.6353703690386174
85,53.344722,1.2530815268365112,0.6379363534926314,53.344722,1.4146550907907478,0.635642771103197
86,53.595,1.2320645238386014,0.6379917184255918,53.595,1.3899487555806778,0.6358552659834518
87,53.845,1.2113568090027658,0.6379877932814604,53.845,1.3653766658622943,0.636009201590332
88,54.095,1.1909322016533959,0.6379262642339281,54.095,1.3409244778879705,0.6361063291567806
89,54.345,1.170788025950558,0.63780872245668,54.345,1.3166053453119049,0.6361481309247805
90,54.595,1.15092160605432,0.6376367591234008,54.595,1.2924324217882948,0.6361360891363156
91,54.845,1.1313302661247484,0.6374119654077753,54.845,1.268418860971338,0.6360716860333687
92,55.095278,1.111989998296913,0.6371355976049762,55.095278,1.2445514061833125,0.6359562478942573
93,55.345556,1.092920055982965,0.6368094730619012,55.345556,1.2208700492294497,0.635791304656919
94,55.595833,1.0741178290009972,0.6364351898558586,55.595833,1.1973880811015416,0.6355783444584436
95,55.846111,1.0555804823321462,0.6360143414783259,55.846111,1.1741185116914148,0.6353188527843262
96,56.096111,1.0373255616629893,0.6355490675852025,56.096111,1.1511000990600597,0.6350146802886331
97,56.346389,1.019309785758071,0.6350399284176544,56.346389,1.1282948356279232,0.6346666363076822
98,56.596667,1.0015509144775994,0.634489013168855,56.596667,1.1057416432358136,0.6342765215318571
99,56.846944,0.9840463324816424,0.6338979207664456,56.846944,1.083453807972476,0.6338458249533772
100,57.096944,0.9668122407263787,0.6332689632077579,57.096944,1.0614686372431177,0.6333765732887531
101,57.347222,0.949807698746778,0.6326023389840325,57.347222,1.0397505109895826,0.632869210379024
102,57.597222,0.9330678043170899,0.631901121669254,57.597222,1.0183608425194421,0.6323263469617748
103,57.847222,0.9165708559920118,0.6311661821986994,57.847222,0.9972884975160055,0.6317489223080099
104,58.097222,0.9003141779316105,0.6303991117460531,58.097222,0.9765466296334695,0.6311384186597129
105,58.347222,0.8842950942959545,0.6296015014850004,58.347222,0.9561483925260327,0.6304963182588667
106,58.5975,0.8684935070200507,0.628774007933174,58.5975,0.9360848572290037,0.629823339632521
107,58.8475,0.8529418414785962,0.6279200620405423,58.8475,0.9164137613270698,0.6291224614384869
108,59.097778,0.8376028284755398,0.6270393596417448,59.097778,0.8971045416730853,0.6283936107396095
109,59.348056,0.8224912054594763,0.6261344318805788,59.348056,0.8781924784695395,0.6276390384430655
110,59.598333,0.807604346690135,0.6252068789939755,59.598333,0.8596908423872968,0.6268602348992988
111,59.848611,0.7929394484369311,0.6242582900521542,59.848611,0.8416126831167433,0.626058681072068
112,60.098611,0.7785105030433603,0.6232913506450223,60.098611,0.8239874327495554,0.6252367924152549
113,60.348889,0.7642862072255753,0.6223055053096431,60.348889,0.806773099962158,0.6243942268644351
114,60.598889,0.7502996397438038,0.621304536779169,60.598889,0.7900019438310605,0.6235343398198026
115,60.849167,0.7365211757305232,0.6202878139098926,60.849167,0.773630673358142,0.6226567047085181
116,61.099167,0.7229829035173853,0.6192591880303235,61.099167,0.7576896747319755,0.6217647548388443
117,61.349444,0.70965624803821,0.6182179706678361,61.349444,0.7421375645596502,0.620857995978887
118,61.599722,0.6965577653630622,0.6171668868615303,61.599722,0.7269861756140098,0.6199388916874207
119,61.85,0.6836889918241676,0.6161075372375818,61.85,0.712229573346151,0.6190089327530726
120,62.100278,0.6710514100521565,0.6150415182837361,62.100278,0.6978617602589134,0.6180696063680857
121,62.350278,0.6586601519847153,0.6139716184429491,62.350278,0.6838920627823316,0.6171234556705016
122,62.600556,0.6464891407224591,0.6128970532682799,62.600556,0.670283420362332,0.6161698622371172
123,62.850833,0.634553814687862,0.6118206107562636,62.850833,0.6570456334530292,0.6152113651154714
124,63.101111,0.6228555611296869,0.6107438787873205,63.101111,0.6441725987921487,0.6142494438333652
125,63.351389,0.6113959108387702,0.6096684581475044,63.351389,0.631658372511862,0.6132855894039733
126,63.601667,0.6001763464457417,0.6085959453245602,63.601667,0.6194969571150085,0.6123212890195385
127,63.851667,0.5892104099910105,0.6075291200235773,63.851667,0.6076952881656139,0.6113590986993211
128,64.101944,0.578475236896091,0.6064672088640234,64.101944,0.5962211719778167,0.6103983681796373
129,64.352222,0.567984552558461,0.6054129889486847,64.352222,0.5850818343451837,0.6094416477790702
130,64.602222,0.5577511253785649,0.6043692159456905,64.602222,0.5742831520221734,0.6084914815138771
131,64.8525,0.5477536774729113,0.6033351635141868,64.8525,0.563795116792413,0.6075472420302325
132,65.1025,0.5380158975337284,0.6023147214808199,65.1025,0.553635045062894,0.6066125105999876
133,65.352778,0.528517609996988,0.6013069325838255,65.352778,0.5437743488872037,0.6056864376698261
134,65.602778,0.5192813946553528,0.6003142173989455,65.602778,0.5342289510200172,0.6047712843687522
135,65.853056,0.5102881914244601,0.5993342678543169,65.853056,0.5249716305495921,0.6038649634767774
136,66.103056,0.5015594580372069,0.5983691608121042,66.103056,0.5160169698135787,0.6029694365704767
137,66.353056,0.4930865419904887,0.597417700066665,66.353056,0.5073485438850928,0.6020836396884178
138,66.603056,0.4848709209798596,0.5964797855859031,66.603056,0.4989603752302101,0.6012075210364397
139,66.853056,0.4769140727008739,0.5955553173377229,66.853056,0.49084648631500616,0.6003410288203815
140,67.103333,0.4692073404361396,0.5946431931317804,67.103333,0.4829917363874306,0.5994831670724776
141,67.353611,0.4617523801441165,0.5937443407878895,67.353611,0.47539615487897724,0.5986348458584595
142,67.603889,0.4545401968312504,0.5928586636109903,67.603889,0.4680500747583242,0.5977960166579738
143,67.854167,0.44756176419610677,0.5919860612349083,67.854167,0.4609437970791801,0.5969666275038817
144,68.104444,0.4408080824851529,0.5911264367023757,68.104444,0.4540676499226248,0.5961466296867202
145,68.354722,0.4342700714573532,0.5902796827781676,68.354722,0.44741187942636695,0.5953359646868014
146,68.604722,0.4279456535500414,0.5894466218632434,68.604722,0.4409738602157431,0.5945354688464226
147,68.855,0.4218117453095834,0.5886253009568361,68.855,0.4347295841654508,0.5937433099437882
148,69.105,0.4158729688001397,0.5878174445228863,69.105,0.42868324749773823,0.5929611959412278
149,69.355278,0.41010709823454555,0.5870211556153926,69.355278,0.42281171318927846,0.5921873354981531
150,69.605278,0.40451793807034975,0.5862381030889673,69.605278,0.41711834940548365,0.5914233959263225
151,69.855556,0.39908404006713966,0.5854664451614995,69.855556,0.4115808041347214,0.5906676263050823
152,70.105833,0.3938027069523328,0.5847069620845193,70.105833,0.4061958243716011,0.5899208321653816
153,70.355833,0.3886705008966872,0.5839603709652277,70.355833,0.4009594153121207,0.5891837702502781
154,70.605,0.3836889381976984,0.5832281526050758,70.605,0.39587266290037443,0.5884579690529692
155,70.854444,0.37882644513293195,0.5825069059639219,70.854444,0.3909028634529181,0.5877401143371062
156,71.104722,0.3740640095696583,0.5817949994242343,71.104722,0.3860300820636413,0.5870286099672543
157,71.354722,0.3694141810370855,0.5810955351452479,71.354722,0.38126667907035416,0.5863265945602583
158,71.604722,0.36486261036299583,0.580407615822408,71.604722,0.3765975139404185,0.5856332211549679
159,71.855,0.36039538554762607,0.5797303955174007,71.855,0.37200786542774095,0.584947681240542
160,72.105278,0.3560085946609479,0.5790645452379332,72.105278,0.36749327736062015,0.5842706986817658
161,72.355,0.35170272567436134,0.5784114063720353,72.355,0.36305386959982716,0.5836036971652167
162,72.604722,0.3474589811207338,0.5777693874505963,72.604722,0.3586698988055618,0.582945111667641
163,72.855,0.3432591171150922,0.5771369960927795,72.855,0.35432211562910193,0.5822934521597573
164,73.105,0.33910821643686434,0.576516257947703,73.105,0.35001541268410674,0.5816508523228249
165,73.355,0.33499258981752517,0.5759063644228662,73.355,0.34573527021611455,0.5810165318708762
166,73.605,0.3309032410005382,0.5753072154861736,73.605,0.341472021562694,0.5803904390097501
167,73.855278,0.3268266518696084,0.5747180625764717,73.855278,0.3372112677991809,0.5797718393530774
168,74.105278,0.32276469915887346,0.5741401143896103,74.105278,0.3329549587321661,0.579162055296175
169,74.355278,0.318712975869427,0.5735726105833697,74.355278,0.3286994929706985,0.5785603433900173
170,74.605278,0.3146734361371164,0.5730154511256539,74.605278,0.3244481640799451,0.5779666518404433
171,74.855278,0.31064803409778885,0.5724685359843671,74.855278,0.3202042656250728,0.5773809288532921
172,75.105278,0.3066387238872917,0.5719317651274134,75.105278,0.3159710911712488,0.5768031226344026
173,75.355278,0.3026474596414722,0.5714050385226971,75.355278,0.31175193428363995,0.576233181389614
174,75.605556,0.29867179130841104,0.5708876869741047,75.605556,0.3075454269334761,0.5756704325680855
175,75.855556,0.29472250690030705,0.5703807596686328,75.855556,0.3033642106194796,0.5751160744908471
176,76.105556,0.2907971330374217,0.5698835764078749,76.105556,0.29920689622964364,0.5745694259476316
177,76.355833,0.28689331826726605,0.5693955022779444,76.355833,0.2950722174588341,0.5740298421703952
178,76.605833,0.2830216598093992,0.5689175175295784,76.605833,0.2909726232213495,0.5734984657114047
179,76.855833,0.27917977646947534,0.5684489766188032,76.855833,0.2869068152527966,0.5729746433465662
180,77.105833,0.27536962238334156,0.567989779513523,77.105833,0.28287808711834256,0.5724583232817189
181,77.355833,0.27159315168684506,0.5675398261816421,77.355833,0.27888973238315423,0.5719494537227016
182,77.606111,0.2678481792713866,0.5670985314632329,77.606111,0.27494068364827967,0.571447429338799
183,77.855556,0.26415315867451195,0.5666677241385113,77.855556,0.27105160885131574,0.570954402388243
184,78.105833,0.26048538129365223,0.566244428505436,78.105833,0.26719984422485327,0.5704670301390212
185,78.355833,0.2568631855141778,0.5658304499461934,78.355833,0.26340591873839764,0.569987444661715
186,78.605833,0.253284443803577,0.5654252149998706,78.605833,0.25966883447704275,0.5695150507194342
187,78.855833,0.24975111029769714,0.565028623634372,78.855833,0.25599188500595543,0.5690497965180178
188,79.105833,0.24626513913238546,0.5646405758176016,79.105833,0.25237836389030277,0.5685916302633048
189,79.355833,0.24282848444348912,0.5642609715174636,79.355833,0.24883156469525158,0.5681405001611343
190,79.605833,0.23944310036685568,0.5638897107018621,79.605833,0.24535478098596916,0.5676963544173453
191,79.856111,0.23610726602856802,0.5635262942147092,79.856111,0.2419475636918115,0.5672586588962828
192,80.105833,0.23283396059376604,0.5631718193958852,80.105833,0.23862443428537802,0.5668288088282681
193,80.355833,0.22961411316900437,0.5628249888413182,80.355833,0.23537745842440333,0.566405305394658
194,80.605833,0.2264533528998944,0.5624861016429041,80.605833,0.2322136723098651,0.5659885791427857
195,80.856111,0.22334977126923358,0.5621546939763562,80.856111,0.22913196528566057,0.565578126081772
196,81.106111,0.2203099715841152,0.5618314019488219,81.106111,0.2261373334164989,0.5651748062030986
197,81.356389,0.21732645187221888,0.5615154062855396,81.356389,0.22322023414627,0.5647776706043083
198,81.606389,0.21440509975116245,0.561207308855435,81.606389,0.22038426967092914,0.5643875496917452
199,81.856111,0.21154498055342438,0.5609069846296143,81.856111,0.21762630951189119,0.5640043698403923
200,82.106389,0.20873589868219622,0.5606133428827372,82.106389,0.2149343891722517,0.5636268103596863
201,82.356667,0.2059835443634226,0.5603269601620566,82.356667,0.21231184641986245,0.5632556796601974
202,82.606389,0.2032931040152492,0.5600483485460823,82.606389,0.20976140286749687,0.5628917290573104
203,82.856389,0.2006547598967168,0.5597764656610313,82.856389,0.20727155613455953,0.5625336806818513
204,83.106667,0.19806795498618263,0.5595112348026992,83.106667,0.2048396376019807,0.5621815037063964
205,83.356667,0.19553769558756695,0.5592531450644911,83.356667,0.202468171622317,0.5618359286603744
206,83.606667,0.19306033859530627,0.5590017979635787,83.606667,0.20015154818694783,0.5614965090933732
207,83.856944,0.19063248587636578,0.5587568259823592,83.856944,0.1978844102530127,0.5611628272632615
208,84.106944,0.18825877124034976,0.5585186712534426,84.106944,0.19566889802076423,0.5608355699485884
209,84.357222,0.18593318389269692,0.5582867048394564,84.357222,0.1934972108568083,0.560513958755476
210,84.607222,0.18366014983476422,0.5580613419358563,84.607222,0.1913712950019976,0.560198656310561
211,84.8575,0.18143387238098596,0.5578419810622526,84.8575,0.1892835399246381,0.5598889094621593
212,85.1075,0.17925855691284476,0.557629009410519,85.1075,0.18723570540796297,0.5595853544799141
213,85.357778,0.17712862407091864,0.5574218530584101,85.357778,0.18522035457317423,0.5592872643384982
214,85.608056,0.17504577749907382,0.5572206518645004,85.608056,0.18323689983195057,0.5589949278674928
215,85.858056,0.1730115116921804,0.5570255192355914,85.858056,0.1812846119190887,0.5587086083396792
216,86.108333,0.17102056885010458,0.5568359216696124,86.108333,0.1793562741078943,0.5584276181728798
217,86.358333,0.1690766156617333,0.5566521787252813,86.358333,0.17745327664849292,0.5581525275101501
218,86.608333,0.16717668385861006,0.5564739773664817,86.608333,0.17557059583489645,0.5578829704513534
219,86.858333,0.16532003376640841,0.556301217561118,86.858333,0.1737053561057924,0.5576188952023289
220,87.108611,0.16350393182768902,0.5561336160440105,87.108611,0.17185263098993475,0.5573599653586315
221,87.358611,0.1617316722068619,0.5559714450220871,87.358611,0.17001365814452615,0.5571067042984211
222,87.608611,0.16000047445145932,0.5558144153460762,87.608611,0.1681834965020485,0.5568587696079049
223,87.858889,0.15830768099982517,0.5556622607417702,87.858889,0.16635784830179384,0.5566158425715687
224,88.108611,0.1566578290069827,0.5555153799034087,88.108611,0.16454292132357856,0.5563786721593111
225,88.358611,0.15504424632437666,0.5553731740725603,88.358611,0.1627333796865059,0.5561464058129116
226,88.608611,0.153467693936451,0.5552357094592411,88.608611,0.1609319846787331,0.5559192586595625
227,88.858889,0.151925380969187,0.5551027408779313,88.858889,0.15913748524192023,0.5556969347537922
228,89.108889,0.15041963540072292,0.5549744635974655,89.108889,0.15735460558878445,0.5554798761525838
229,89.358889,0.14894762701032518,0.5548506273270055,89.358889,0.15558208437216925,0.5552677813043476
230,89.609167,0.14750667568194595,0.5547310015348175,89.609167,0.15381870633205233,0.5550603707424056
231,89.859167,0.14609888421583608,0.5546157518483338,89.859167,0.15206912654404506,0.5548580533933049
232,90.109167,0.14472153681117864,0.5545046429643326,90.109167,0.15033211699977905,0.5546605443570984
233,90.359167,0.14337353616916765,0.5543975748507182,90.359167,0.1486084146951479,0.5544677918396256
234,90.609444,0.1420523379682923,0.5542943353588441,90.609444,0.1468968703866819,0.5542795382799147
235,90.859722,0.14075834579915666,0.5541949445882384,90.859722,0.14520013415257102,0.5540959471854044
236,91.11,0.1394904640330662,0.5540993025930512,91.11,0.14351895231727452,0.5539169673505224
237,91.360278,0.1382475917065542,0.5540073090071083,91.360278,0.14185406433803943,0.5537425468081301
238,91.610278,0.13702996898168737,0.553918959775201,91.610278,0.14020803032829326,0.5535728198434148
239,91.860278,0.13583510435023569,0.5538340506765629,91.860278,0.13857972880875427,0.553407538402294
240,92.110278,0.13466190051339322,0.5537524816790979,92.110278,0.13696989677531612,0.5532466506906065
241,92.360556,0.13350798947490153,0.5536740674152829,92.360556,0.13537751341257387,0.5530899332328584
242,92.610556,0.13237483636649436,0.553598881959918,92.610556,0.13380685392639158,0.5529376823393625
243,92.860556,0.13126005093608237,0.5535267363982029,92.860556,0.1322568757335308,0.5527896697352219
244,93.110833,0.13016132901063132,0.5534574556116074,93.110833,0.13072663433704126,0.5526456865696743
245,93.361111,0.12907881051211115,0.5533910205800443,93.361111,0.12921859218725182,0.5525058466646895
246,93.611111,0.12801257657037896,0.5533274004777717,93.611111,0.12773513149046356,0.5523702471700839
247,93.860833,0.1269614814302071,0.5532664863001389,93.860833,0.1262769116405206,0.5522388227577992
248,94.111111,0.12592093952841343,0.5532079788707165,94.111111,0.124839839831863,0.5521110893798974
249,94.361111,0.12489334183056836,0.553151977301742,94.361111,0.12342948286183818,0.5519874274959947
250,94.611389,0.1238753030147915,0.5530982567724338,94.611389,0.12204344286947465,0.5518675101630149
251,94.861389,0.12286813153144002,0.5530468364997284,94.861389,0.12068534839889479,0.5517515519387022
252,95.111389,0.12187031935740744,0.5529975554985033,95.111389,0.11935344105740354,0.5516393656837183
253,95.361389,0.12088164017066431,0.5529503137366624,95.361389,0.11804732825794773,0.5515308996039021
254,95.611667,0.11990078301571984,0.5529049618479273,95.611667,0.11676520725644567,0.5514259873927091
255,95.861667,0.11892970036403386,0.5528615004580507,95.861667,0.11550953337179712,0.5513248102735606
256,96.111667,0.11796707148187868,0.5528197781000354,96.111667,0.11427847583146761,0.5512271978895018
257,96.361667,0.11701267004722501,0.5527796947417853,96.361667,0.113071642048404,0.5511330984463719
258,96.611667,0.11606626973804328,0.5527411503512046,96.611667,0.11188863943555306,0.5510424601500099
259,96.861667,0.115127644232304,0.5527040448961976,96.861667,0.11072907540586156,0.5509552312062547
260,97.111667,0.1141965672079777,0.5526682783446683,97.111667,0.1095925573722763,0.5508713598209455
261,97.361944,0.11327179279988833,0.5526337130579397,97.361944,0.10847747100439777,0.5507907067474748
262,97.611944,0.11235514150896607,0.552600325423433,97.611944,0.10738589164912204,0.5507133986732478
263,97.861667,0.1114463638031822,0.5525680117899879,97.861667,0.10631735337762643,0.5506393730740842
264,98.111667,0.11054321748421315,0.5525366005314108,98.111667,0.10526909345793442,0.5505684139809491
265,98.361667,0.10964648803650974,0.5525060430251219,98.361667,0.1042419165990827,0.5505005554757176
266,98.611944,0.10875496577058003,0.5524762818019842,98.611944,0.10323432635708996,0.5504356856491897
267,98.861944,0.10787039758216181,0.5524473727543036,98.861944,0.10224816013108357,0.5503739082644626
268,99.111944,0.10699156704815603,0.5524192725094926,99.111944,0.10128189876977149,0.5503151100455238
269,99.362222,0.10611727969925917,0.5523919411729532,99.362222,0.10033410761624792,0.5502591907060832
270,99.611944,0.10525021365526364,0.5523654585230462,99.611944,0.09940752029301737,0.5502062919346595
271,99.861944,0.10438723815231818,0.5523397248286941,99.861944,0.09849861800346903,0.5501561924575589
272,100.112222,0.10352814336625253,0.5523147326952023,100.112222,0.0976070699786036,0.5501088619559986
273,100.3625,0.10267366462175974,0.5522905011604488,100.3625,0.09673350337067525,0.5500643177995495
274,100.6125,0.10182451673988172,0.5522670458838649,100.6125,0.09587846546162158,0.550022564981323
275,100.862778,0.10097858434799438,0.5522443047005023,100.862778,0.09503966111347809,0.5499834707545163
276,101.112778,0.10013752017819486,0.5522223181449691,101.112778,0.09421856080405099,0.5499470821386435
277,101.363056,0.09929922683603486,0.5522010273187525,101.363056,0.09341294487259745,0.549913278316888
278,101.613056,0.0984653400832356,0.5521804695344493,101.613056,0.09262421006787142,0.5498820945559718
279,101.863056,0.09763476972268985,0.5521606107686992,101.863056,0.09185102609493197,0.5498534520653822
280,102.113333,0.09680672137828504,0.5521414201835515,102.113333,0.09109199923416454,0.5498272834609221
281,102.363333,0.09598321754823455,0.5521229302727042,102.363333,0.0903482135158462,0.5498036068387002
282,102.613611,0.09516261993127703,0.5521050899922325,102.613611,0.08961742082526358,0.549782329762914
283,102.863611,0.09434694108395059,0.5520879289892436,102.863611,0.08890064852641827,0.549763459671748
284,103.113889,0.0935345567922208,0.5520713990972536,103.113889,0.08819570552008109,0.5497469147095846
285,103.364167,0.0927265663869749,0.5520555097546342,103.364167,0.08750279854401105,0.549732677252978
286,103.614167,0.09192404968222333,0.5520402675545492,103.614167,0.086822080874021,0.5497207194289454
287,103.864444,0.09112541491775003,0.5520256286551966,103.864444,0.0861514442550905,0.5497109747892892
288,104.114167,0.09033349509013922,0.5520116306680746,104.114167,0.0854925025360277,0.5497034322466537
289,104.364444,0.0895449661964833,0.551998201494188,104.364444,0.08484173560599612,0.5496980184840194
290,104.614444,0.08876264445599853,0.5519853767366966,104.614444,0.08420072432693043,0.5496947152240793
291,104.864722,0.08798498300190254,0.5519731179277768,104.864722,0.08356744871117236,0.5496934752577439
292,105.114722,0.08721389900677405,0.551961442315131,105.114722,0.08294271948564941,0.5496942615101649
293,105.364722,0.08644871496584003,0.551950325985539,105.364722,0.08232523308943206,0.5496970316715074
294,105.614722,0.0856896202781456,0.5519397589626422,105.614722,0.08171439396089501,0.5497017459491841
295,105.864444,0.08493763791686483,0.5519297421250342,105.864444,0.08111027592140665,0.549708356147821
296,106.114444,0.08419128283501191,0.5519202432033522,106.114444,0.08051093890688601,0.5497168372291442
297,106.364444,0.08345158509292212,0.5519112636703843,106.364444,0.07991646313743443,0.5497271430932879
298,106.614722,0.08271792304066602,0.5519027844108422,106.614722,0.07932559889104526,0.5497392483714783
299,106.865,0.08199131299441471,0.5518948056875422,106.865,0.07873841226962552,0.5497531026864435
300,107.115278,0.08127194498575141,0.5518873174908079,107.115278,0.07815430572254632,0.5497686661127004
301,107.365278,0.08056079564636325,0.5518803173319728,107.365278,0.07757332659034696,0.5497858786721371
302,107.615278,0.07985725127379895,0.551873786646779,107.615278,0.07699422890829674,0.5498047169187081
303,107.865278,0.07916150126710374,0.551867715458868,107.865278,0.07641641711477047,0.5498251410598256
304,108.115833,0.07847221720654089,0.5518620818044496,108.115833,0.07583801476426666,0.5498471617672801
305,108.366111,0.0777918914166385,0.5518568951262146,108.366111,0.07526034578744462,0.5498706685526781
306,108.616111,0.0771206890824711,0.5518521439866474,108.616111,0.0746828156255734,0.5498956164418278
307,108.866111,0.076457948856963,0.5518478124056884,108.866111,0.07410434845836217,0.5499219909225846
308,109.116111,0.07580340771682013,0.5518438904069792,109.116111,0.07352515540942763,0.5499497522023609
309,109.366111,0.0751567121542808,0.5518403680141617,109.366111,0.07294560893943507,0.5499788604885688
310,109.616389,0.07451680190627014,0.5518372319804153,109.616389,0.07236543722343393,0.5500093105235017
311,109.866111,0.07388544373096549,0.5518344821407678,109.866111,0.07178694557893639,0.5500409589099293
312,110.116389,0.07325947218887664,0.5518320962591619,110.116389,0.07120793102365479,0.5500739067249845
313,110.366389,0.07264063081424439,0.5518300729207609,110.366389,0.07063069694710102,0.5501080064097673
314,110.616667,0.07202718894371599,0.5518283976252473,110.616667,0.070054332939427,0.5501432939134421
315,110.866667,0.07142015552118244,0.5518270641087344,110.866667,0.06948049221625904,0.5501796510143022
316,111.116667,0.07081849233571863,0.5518260603414172,111.116667,0.06890890612504182,0.5502170764849819
317,111.366667,0.0702218458795628,0.5518253763469374,111.366667,0.06833994712644055,0.5502555305328933
318,111.616389,0.06963051847125713,0.5518250023966813,111.616389,0.06777461522429805,0.5502949289705916
319,111.866389,0.06904284035436199,0.5518249276909419,111.866389,0.06721202383638698,0.5503353197620248
320,112.116389,0.06845911883659009,0.5518251428400587,112.116389,0.06665317650891114,0.5503766197971763
321,112.366667,0.06787835719278384,0.5518256385702252,112.366667,0.06609783127149907,0.5504188366451053
322,112.616667,0.06730149176674122,0.5518264037945572,112.616667,0.06554759464595548,0.5504618366903615
323,112.866944,0.0667268875401668,0.551827430209892,112.866944,0.06500161843601882,0.5505056754998212
324,113.117222,0.06615482845151564,0.5518287071122366,113.117222,0.06446088641308217,0.5505502661368095
325,113.367222,0.06558559401597612,0.5518302226731727,113.367222,0.0639263656007517,0.550595517801878
326,113.6175,0.06501756389602781,0.5518319702628945,113.6175,0.0633972405834788,0.5506414912461949
327,113.8675,0.06445164615201104,0.5518339360134744,113.8675,0.0628750596340717,0.5506880445089196
328,114.1175,0.06388685537403478,0.5518361117637087,114.1175,0.06235960408563654,0.5507351884978232
329,114.3675,0.06332283805433729,0.5518384875372391,114.3675,0.06185124639883859,0.550782883420318
330,114.617778,0.0627586140673821,0.5518410563129789,114.617778,0.06134980634400067,0.5508311433586951
331,114.867778,0.062195083018072236,0.5518438023987117,114.867778,0.06085677069096572,0.5508798212725996
332,115.1175,0.06163189176729938,0.5518467152340226,115.1175,0.0603724851149197,0.5509288758634735
333,115.367778,0.061066805037368936,0.5518497948432007,115.367778,0.05989571881898806,0.5509784318425578
334,115.6175,0.06050198055836851,0.5518530175817888,115.6175,0.05942896201268819,0.5510282292960931
335,115.867778,0.05993469702653587,0.5518563878093321,115.867778,0.05897036876453495,0.5510784501181306
336,116.117778,0.05936722669000973,0.5518598845471179,116.117778,0.0585211543856629,0.5511288876640533
337,116.367778,0.05879947080638899,0.5518635014862391,116.367778,0.05808033665721247,0.5511795577586168
338,116.617778,0.05823196010118901,0.5518672286503375,116.617778,0.0576474478516369,0.5512304206092333
339,116.868056,0.057664595719758904,0.551871060371234,116.868056,0.057221551145264074,0.5512814932232685
340,117.118056,0.05709916929632979,0.5518749781510417,117.118056,0.05680312451918817,0.5513326223119249
341,117.368056,0.056535580818034066,0.5518789762156577,117.368056,0.05639122311323355,0.5513838247346222
342,117.618333,0.0559737406888782,0.5518830491317847,117.618333,0.055984932711331994,0.5514351174721022
343,117.868333,0.05541542378427392,0.5518871778982576,117.868333,0.055584684497031085,0.5514863471561223
344,118.118611,0.05485992266259035,0.5518913616809004,118.118611,0.05518912109815491,0.5515375876280613
345,118.368611,0.05430900260347525,0.5518955811997108,118.368611,0.05479865310945531,0.5515886852262207
346,118.618889,0.053761970365911876,0.5518998358384853,118.618889,0.05441194327479933,0.5516397137031238
347,118.868889,0.053220572415670575,0.5519041061598127,118.868889,0.054029382520483296,0.5516905198680254
348,119.118611,0.05268532183371475,0.551908382135924,119.118611,0.05365049149736168,0.5517410645469265
349,119.368611,0.05215555713137387,0.5519126633200613,119.368611,0.05327395931950946,0.5517914205206121
350,119.618333,0.051632985953150634,0.5519169302385305,119.618333,0.05290015679298754,0.551841436100609
351,119.868611,0.051116405411152754,0.5519211871382851,119.868611,0.05252737113779249,0.551891238012633
352,120.118611,0.05060807984430319,0.5519254098196549,120.118611,0.05215637967883415,0.5519406199457929
353,120.368611,0.050107962106981305,0.5519295930473854,120.368611,0.05178629967108012,0.5519895976136023
354,120.618611,0.04961658292470247,0.5519337268451185,120.618611,0.051416663386983606,0.5520381312234736
355,120.868611,0.04913447302298195,0.5519378012364958,120.868611,0.051047003098997734,0.552086180982819
356,121.118611,0.04866216312733502,0.5519418062451589,121.118611,0.05067685107957572,0.5521337070990511
357,121.368611,0.048200183963277084,0.5519457318947494,121.368611,0.050305739601170775,0.552180669779582
358,121.618611,0.047749066256323344,0.551949568208909,121.618611,0.04993320093623601,0.5522270292318242
359,121.868611,0.047309340731989176,0.5519533052112793,121.868611,0.049558767357224656,0.5522727456631901
360,122.118889,0.04688106923283968,0.5519569368949844,122.118889,0.04918155065044274,0.552317828963634
361,122.369167,0.046465279671101034,0.5519604490376734,122.369167,0.048801496754979225,0.5523621880057092
362,122.619444,0.04606232320465606,0.5519638316164267,122.619444,0.04841826787004042,0.5524057826913262
363,122.869722,0.04567181448880294,0.5519670746486318,122.869722,0.04803204139961737,0.5524485734435061
364,123.119444,0.045294018478760315,0.5519701614117688,123.119444,0.04764399601458779,0.5524904279400573
365,123.369444,0.04492709080679407,0.5519730924928483,123.369444,0.04725314943812851,0.55253144759723
366,123.619444,0.04457089536805642,0.5519758543943889,123.619444,0.04686024161000814,0.5525715455528238
367,123.869167,0.04422524696943622,0.5519784343811709,123.869167,0.046466020054170436,0.552610639197802
368,124.119167,0.0438888161537701,0.551980828209638,124.119167,0.04606991930664865,0.5526487755039217
369,124.369167,0.043561428683617516,0.5519830229405449,124.369167,0.045672685121528646,0.5526858707747898
370,124.619167,0.04324252138840918,0.5519850085975335,124.619167,0.045274626884431166,0.5527218852178188
371,124.868889,0.042931872730220005,0.5519867733651268,124.868889,0.044876497365394084,0.5527567408755876
372,125.118889,0.04262822840850345,0.5519883112054217,125.118889,0.04447771923764872,0.5527904755976546
373,125.368889,0.04233137537626872,0.5519896100538169,125.368889,0.04407904487075118,0.5528230101583688
374,125.619167,0.04204043054563073,0.5519906609591363,125.619167,0.043680341128680134,0.55285433885979
375,125.869167,0.04175547656660312,0.5519914516011574,125.869167,0.04328280341600567,0.5528843522748084
376,126.119444,0.041475316282996444,0.5519919737363205,126.119444,0.042885859324001296,0.5529130771526467
377,126.369722,0.04119970232380991,0.5519922163339724,126.369722,0.04249025862011662,0.5529404397028521
378,126.619722,0.04092837048523052,0.5519921695982904,126.619722,0.04209674985901804,0.5529663718395904
379,126.87,0.0406601527967695,0.551991823424921,126.87,0.041704768008828684,0.5529908913473985
380,127.12,0.040395081419420054,0.5519911685972936,127.12,0.04131549354123636,0.5530139039259924
381,127.370278,0.04013200230595913,0.5519901936586582,127.370278,0.04092837084143292,0.5530354208668117
382,127.620556,0.039870646644453465,0.5519888891537347,127.620556,0.040544144522833385,0.5530553758238357
383,127.870833,0.03961045042157801,0.5519872450801071,127.870833,0.04016312651988216,0.5530737288015037
384,128.121111,0.039350846508551966,0.5519852514149945,128.121111,0.039785624205654624,0.5530904400211267
385,128.371389,0.03909127089554998,0.5519828981546042,128.371389,0.03941194952802845,0.5531054694806636
386,128.621667,0.038831158531175705,0.5519801752892597,128.621667,0.039042412905882846,0.5531187772546312
387,128.871667,0.038570235331649494,0.5519770764697072,128.871667,0.03867772770256848,0.5531303115845134
388,129.121389,0.038307942732179065,0.5519735929997931,129.121389,0.038318187981063685,0.5531400386077091
389,129.371667,0.03804283818099838,0.5519697026098472,129.371667,0.03796291063071454,0.553147947974662
390,129.621944,0.03777505939378589,0.551965402627609,129.621944,0.03761292437002956,0.5531539760668814
391,129.871944,0.03750493977554325,0.5519606884879501,129.871944,0.03726847209804259,0.5531580795259053
392,130.122222,0.03723203302740758,0.5519555397225668,130.122222,0.03692856581840689,0.5531602275614212
393,130.3725,0.0369567916084794,0.5519499513290076,130.3725,0.03659336783346688,0.5531603746105349
394,130.6225,0.0366796783480597,0.5519439202575721,130.6225,0.03626301953214365,0.5531584839983846
395,130.872778,0.03640023032897739,0.5519374230947445,130.872778,0.035936562876328924,0.5531545116317137
396,131.1225,0.03611953497270235,0.5519304722906974,131.1225,0.03561485606507426,0.553148434462361
397,131.3725,0.035836810885314964,0.5519230390804721,131.3725,0.03529659528681187,0.5531402110722112
398,131.6225,0.03555252254982193,0.5519151391528745,131.6225,0.0349819180703869,0.553129882844647
399,131.8725,0.03526682297999837,0.5519067843591308,131.8725,0.034670601609541225,0.5531175007004739
400,132.122778,0.03497954544901965,0.551897976525114,132.122778,0.03436208206742713,0.5531030984682241
401,132.373056,0.03469116042244412,0.5518887365811702,132.373056,0.03405648390694714,0.5530867398738986
402,132.623333,0.034401822582840344,0.5518790764575268,132.623333,0.03375358478289811,0.553068476085076
403,132.873333,0.03411200580635097,0.5518690193736101,132.873333,0.03345349113783215,0.5530483814026644
404,133.123611,0.03382122007745207,0.5518585548800334,133.123611,0.033155313435492884,0.5530264622488777
405,133.373611,0.03353026454086423,0.5518477180861904,133.373611,0.03285949107371858,0.5530028182857688
406,133.623889,0.03323864549419433,0.5518364967708532,133.623889,0.032565142800090645,0.5529774479727494
407,133.873889,0.032947163933403,0.5518249277247177,133.873889,0.0322726995052578,0.5529504586387249
408,134.124167,0.03265532498621928,0.5518129970980269,134.124167,0.03198128745184635,0.5529218413030023
409,134.374167,0.03236393013711941,0.5518007432572327,134.374167,0.03169133100760477,0.5528917105078441
410,134.624444,0.03207248587041503,0.5517881508805423,134.624444,0.03140196312058442,0.5528600504153701
411,134.874167,0.03178211226516964,0.5517752741559697,134.874167,0.03111392051606717,0.5528270194937178
412,135.124167,0.03149199526986995,0.5517620825979533,135.124167,0.030826020856254913,0.5527925611163611
413,135.374167,0.031202610253387237,0.5517486021699821,135.374167,0.030538361178736196,0.5527567620532164
414,135.624167,0.030914110229496583,0.5517348447232823,135.624167,0.030250718677252902,0.5527196732250895
415,135.874167,0.03062664821197314,0.55172082210908,135.874167,0.029962870545546933,0.5526813455527863
416,136.124167,0.030340377214591988,0.5517065461786015,136.124167,0.029674593977360147,0.5526418299571123
417,136.374167,0.030055450251128272,0.551692028783073,136.374167,0.02938566616643444,0.5526011773588736
418,136.624444,0.029771660342622335,0.5516772653110716,136.624444,0.02909558861370647,0.5525593918489003
419,136.873889,0.02949017999838608,0.5516623337591532,136.873889,0.028805655730089683,0.552516712958502
420,137.123333,0.029209938271884794,0.5516471972570511,137.123333,0.028514957576503488,0.5524730543136793
421,137.373056,0.028930496159344975,0.5516318502677503,137.373056,0.028223218450760486,0.5524284159546599
422,137.623333,0.02865142437159319,0.5516162867770299,137.623333,0.02793016564582192,0.5523827950021923
423,137.873333,0.028373524000345814,0.5516005700155636,137.873333,0.02763682324142818,0.5523363924146429
424,138.123333,0.02809635856196449,0.5515846947080953,138.123333,0.02734291938153069,0.5522892091002973
425,138.373333,0.027819800966649558,0.5515686727058513,138.373333,0.02704850619402811,0.5522412959799613
426,138.623333,0.027543724124601307,0.5515525158600576,138.623333,0.026753635806819078,0.5521927039744406
427,138.873611,0.02726769449151448,0.551536217854701,138.873611,0.026458031795375783,0.5521434289413043
428,139.123611,0.02699219806781,0.5515198267584945,139.123611,0.026162403028991556,0.5520936313145027
429,139.373611,0.026716800986649348,0.5515033363855957,139.373611,0.025866473504563104,0.5520433076215577
430,139.623611,0.026441376158232797,0.5514867585872306,139.623611,0.025570295349989055,0.5519925087832752
431,139.873889,0.02616548991480104,0.5514700866584097,139.873889,0.025273591034527306,0.5519412285431899
432,140.123889,0.025889627938230554,0.5514533694985277,140.123889,0.02497707187182912,0.5518896317898793
433,140.373889,0.025613356803681306,0.551436600480037,140.373889,0.024680460520647568,0.5518377127102723
434,140.623889,0.02533654942135362,0.5514197914541636,140.623889,0.02438380910888127,0.5517855222251747
435,140.873333,0.0250596966262216,0.5514029917405102,140.873333,0.024087829438426623,0.5517332280243994
436,141.123611,0.0247811274665783,0.5513861195309212,141.123611,0.023790924351812362,0.551680589266614
437,141.373889,0.024501638889703133,0.5513692428445098,141.373889,0.02349413578906059,0.5516278315449966
438,141.623889,0.024221415618264918,0.5513523923013682,141.623889,0.023197845413941973,0.5515750646459948
439,141.874167,0.02393970703947079,0.5513355423056902,141.874167,0.02290144653025106,0.5515222222596105
440,142.123611,0.02365764201906533,0.551318779472715,142.123611,0.0226063072839462,0.5514695899841536
441,142.373611,0.02337352404405547,0.5513020221751539,142.373611,0.022310834639082164,0.551416925320339
442,142.623611,0.023087853244193594,0.5512853196668414,142.623611,0.02201573889885642,0.5513643965608562
443,142.873889,0.02280018201342778,0.5512686653414123,142.873889,0.021720744779950382,0.5513119965451764
444,143.123889,0.0225110222143334,0.5512521080591551,143.123889,0.02142655979676298,0.5512598926494914
445,143.374167,0.02221960335928016,0.551235622876476,143.374167,0.021132581935480472,0.5512080200383227
446,143.624167,0.021926501615945337,0.5512192582779081,143.624167,0.020839514581459273,0.5511565449162174
447,143.874167,0.021631547193972565,0.551203007751077,143.874167,0.020547073659125416,0.5511054604157205
448,144.124722,0.02133428875941703,0.5511868474994724,144.124722,0.02025465310337712,0.5510547055592783
449,144.374722,0.02103625239069133,0.5511708609888367,144.374722,0.019963589360755235,0.5510045562143318
450,144.625,0.020736656786619075,0.5511550066070382,144.625,0.019672952441650945,0.550954895526179
451,144.875,0.020436376489300922,0.5511393314372672,144.875,0.01938342894203069,0.5509058847855146
452,145.128056,0.020131603512737507,0.5511236412625727,145.128056,0.01909121284295527,0.5508569324263549
453,145.378056,0.019829909884595723,0.5511083270161728,145.378056,0.018803403285940407,0.550809272223908
454,145.628333,0.019527493497895124,0.5510931933485422,145.628333,0.018516189734213484,0.5507623083355692
455,145.878611,0.01922489661051142,0.551078269164327,145.878611,0.018229931466024488,0.5507161448722507
456,146.128889,0.01892232991548641,0.5510635664152036,146.128889,0.017944670666926732,0.5506708331139983
457,146.38,0.018618997297242132,0.5510490492362516,146.38,0.01765950417601188,0.5506262779097297
458,146.63,0.018317456273968767,0.5510348415241026,146.63,0.017376678971801403,0.5505828738109206
459,146.880278,0.018016238761493976,0.5510208750084481,146.880278,0.017094659327183473,0.5505404259984114
460,147.130278,0.017716222905035953,0.5510071925785276,147.130278,0.016814112694593604,0.5504990797392794
461,147.380556,0.017416950760817795,0.5509937756844185,147.380556,0.01653445613645934,0.5504587941230297
462,147.630556,0.017119296152364412,0.5509806659943602,147.630556,0.016256351855549505,0.5504197096133566
463,147.882222,0.01682116666799676,0.5509677760076195,147.882222,0.015977689090768327,0.5503815835031142
464,148.136944,0.01652117564627922,0.5509550555506851,148.136944,0.01569700792751272,0.5503442926888047
465,148.391389,0.01622349677553821,0.5509426888739993,148.391389,0.015418046421655323,0.5503083999348791
466,148.641667,0.015932842940275176,0.5509308683129953,148.641667,0.015145074391566763,0.5502744707193101
467,148.891944,0.015644533151681145,0.5509194005060568,148.891944,0.014873553949049904,0.5502419573763089
468,149.143056,0.015357826859478993,0.5509082608757732,149.143056,0.014602626680098619,0.5502108097893498
469,149.393056,0.01507515244352469,0.5508975470872253,149.393056,0.014334431810948114,0.5501813181531345
470,149.644722,0.01479358968183952,0.5508871533564599,149.644722,0.014066035724541289,0.5501532114313915
471,149.897778,0.014513716762482871,0.5508771104190795,149.897778,0.01379780379652517,0.5501266016966888
472,150.151389,0.014236711658176282,0.5508674684454179,150.151389,0.013530682627682006,0.5501016487589904
473,150.402222,0.013966382651244221,0.5508583607251287,150.402222,0.013268202319869781,0.5500787101373238
474,150.652222,0.01370069193124435,0.5508497193479394,150.652222,0.013008296466267064,0.5500576217851831
475,150.902222,0.013438576433778148,0.550841525206766,150.902222,0.012749954541998747,0.5500383555515457
476,151.152222,0.013179803352188862,0.5508337901528348,151.152222,0.012493005167875148,0.5500209623572172
477,151.403611,0.012922727665299217,0.5508264870156141,151.403611,0.012235859230026534,0.5500054126454876
478,151.653889,0.012669676761075197,0.550819701140683,151.653889,0.011980903496262494,0.5499919155318339
479,151.907778,0.012415679615805315,0.5508133240208181,151.907778,0.011723166768935478,0.5499802987419299
480,152.162222,0.012163616651998032,0.550807457329009,152.162222,0.011465594152722905,0.549970806632
481,152.412222,0.011918145842866731,0.5508022164599228,152.412222,0.011213054702957796,0.5499636286111894
482,152.661944,0.011674881118604218,0.5507975111981187,152.661944,0.01096115296436298,0.5499586355185765
483,152.916111,0.01142903050464835,0.5507932780947388,152.916111,0.010704957194177517,0.5499558401640045
484,153.166389,0.011188424577779892,0.550789669807456,153.166389,0.010452694479268205,0.5499553934085624
485,153.416389,0.010949320643216201,0.5507866322585296,153.416389,0.010200552369468333,0.5499572826404385
486,153.670556,0.010707256324889376,0.5507841369565905,153.670556,0.00994386730492072,0.5499616487494229
487,153.923611,0.010467036399139368,0.55078225871808,153.923611,0.009687786769275604,0.5499684979890186
488,154.173611,0.010230249525444815,0.5507810091020374,154.173611,0.00943411565240325,0.5499777679826214
489,154.423611,0.009993758663082606,0.5507803736531215,154.423611,0.009179594493691334,0.5499895773425888
490,154.673611,0.009757331005395968,0.5507803642225586,154.673611,0.008924051913950164,0.5500039769897266
491,154.928333,0.009516261757173277,0.5507810107460959,154.928333,0.008662454728792247,0.5500213654569518
492,155.181944,0.009275824756992755,0.5507823247525252,155.181944,0.008400588506479635,0.5500414555254467
493,155.436667,0.009033667120995728,0.5507843302536913,155.436667,0.008135977260604752,0.5500644769748037
494,155.690278,0.008791659210452699,0.5507870221569205,155.690278,0.007870751758490351,0.5500902821572685
495,155.944167,0.008548235208859814,0.5507904242035104,155.944167,0.007603287533052463,0.5501190516288108
496,156.198333,0.00830314805939443,0.5507945511334603,156.198333,0.007333399451011618,0.5501508483300864
497,156.4525,0.00805641705690321,0.5507994120979186,156.4525,0.007061197060227871,0.5501856961390137
498,156.7025,0.007811891077549462,0.5508049215182084,156.7025,0.0067910259527691275,0.5502230009114636
499,156.952778,0.007565030705813452,0.5508111723430903,156.952778,0.006517966402673014,0.5502634067410791
500,157.202778,0.007316151326893748,0.5508181625483823,157.202778,0.006242453481792398,0.5503068748331141
501,157.4575,0.007059972793241056,0.5508260642300675,157.4575,0.005958725538422018,0.550354410626
502,157.7075,0.00680588873112228,0.5508345964661252,157.7075,0.005677340003346798,0.5504043034216057
503,157.957778,0.006549316475288578,0.5508439211895719,157.957778,0.005393638666953071,0.5504575163154669
504,158.207778,0.0062913863755746525,0.5508540295474686,158.207778,0.005109354031373927,0.5505139820615644
505,158.458056,0.006032085993388842,0.5508649559006052,158.458056,0.004824957733353804,0.5505738772833032
506,158.708056,0.0057725517391795066,0.5508766878379748,158.708056,0.004542183818903711,0.5506371198896746
507,158.958611,0.005512480314544479,0.5508892777141249,158.958611,0.004261198385411108,0.5507039774293555
508,159.212222,0.005249852422300923,0.550902881452834,159.212222,0.003980381849009911,0.5507752450856611
509,159.4625,0.004991851387714754,0.550917166968446,159.4625,0.0037079203106749844,0.5508491732780242
510,159.712778,0.0047355821460438865,0.5509323192950416,159.712778,0.0034412021902497664,0.5509267261425547
511,159.963056,0.0044816064150697875,0.5509483503234269,159.963056,0.0031813323960253113,0.5510079547701191
512,160.213056,0.004230763056781468,0.550965252650001,160.213056,0.0029296908357506614,0.5510928137996081
513,160.463056,0.003983328435570334,0.5509830554430176,160.463056,0.0026870860819337935,0.5511814423290851
514,160.713333,0.003739595047265772,0.5510017918004142,160.713333,0.0024543678220448045,0.551273995850489
515,160.966389,0.0034977724073836608,0.5510216779605259,160.966389,0.0022305234232898614,0.5513715220946085
516,161.220278,0.0032604012807794843,0.5510425935417926,161.220278,0.0020186651013365292,0.5514734087339497
517,161.475,0.003028122675798306,0.5510645605220622,161.475,0.001820077401235279,0.5515797491899215
518,161.725,0.002806440065650275,0.551087089564019,161.725,0.0016398975046056803,0.5516881825615296
519,161.974722,0.002591787002930024,0.5511105640683713,161.974722,0.0014755881897948098,0.5518005659953221
520,162.226389,0.0023828869442671023,0.5511352147296406,162.226389,0.001326957789879905,0.5519179922732823
521,162.476389,0.002183313131895751,0.551160701311295,162.476389,0.001197274514797759,0.5520388341425836
522,162.726667,0.001992008973915671,0.5511872256795228,162.726667,0.0010864857673421983,0.5521640479689927
523,162.978056,0.0018089746517893524,0.5512148965161014,162.978056,0.0009954950763391881,0.5522941373257112
524,163.231944,0.0016339756092201522,0.5512439011023297,163.231944,0.0009253774074870371,0.5524299665491106
525,163.481944,0.0014719018361384476,0.5512735131464671,163.481944,0.000878836203978792,0.5525681339294974
526,163.732222,0.0013203950069667787,0.5513042153124714,163.732222,0.0008557187643837227,0.5527108976894014
527,163.982222,0.00118035206557843,0.5513359512567809,163.982222,0.0008571786959795726,0.5528579916428984
528,164.236667,0.0010499898416465082,0.5513693596330298,164.236667,0.0008849988387813522,0.5530123601773618
529,164.490556,0.0009327346459395037,0.551403821649235,164.490556,0.0009403871155995263,0.5531711294639615
