Time (Hour),Y (E1),Y (F1),Y (G1),Y (E2),Y (F2),Y (G2)
0,0,0,0,0,0,0
0.004722,0.0021,0.0014,-0.0006,0.0003,0.0002,-0.0027
0.254722,-0.0036,-0.021,-0.0408,-0.0163,-0.0328,-0.0502
1.289444,0.1318,0.1288,0.1329,0.1265,0.1123,0.1219
1.539722,0.2451,0.2124,0.2053,0.2223,0.2069,0.1904
1.79,0.4148,0.3871,0.3961,0.39,0.3807,0.3726
2.04,0.5599,0.5288,0.5514,0.5431,0.5334,0.5198
2.290278,0.6677,0.6295,0.6612,0.6514,0.6501,0.6269
2.540556,0.753,0.7065,0.7464,0.7329,0.7341,0.7033
2.789722,0.8301,0.7808,0.825,0.8114,0.8113,0.7737
3.039444,0.8989,0.8499,0.8978,0.8835,0.8844,0.8413
3.289722,0.9704,0.9163,0.9707,0.9457,0.9479,0.9078
3.54,1.026,0.9806,1.0452,1.0028,1.0084,0.9757
3.789722,1.0863,1.0439,1.1075,1.0622,1.0618,1.0291
4.039722,1.1273,1.0938,1.1651,1.1124,1.1114,1.09
4.289722,1.1762,1.1379,1.228,1.1583,1.1554,1.1362
4.54,1.2166,1.1836,1.2621,1.2014,1.1918,1.1814
4.790278,1.2291,1.211,1.2824,1.2297,1.2164,1.2159
5.040556,1.2586,1.2367,1.3147,1.2521,1.2379,1.2377
5.290833,1.2748,1.2562,1.3374,1.2865,1.263,1.259
5.540833,1.2877,1.2793,1.3554,1.3009,1.2765,1.2848
5.791111,1.2894,1.2937,1.3576,1.3136,1.2869,1.3034
6.041111,1.2981,1.3036,1.3592,1.3222,1.2898,1.3095
6.291389,1.2938,1.308,1.3657,1.3302,1.2958,1.3078
6.541389,1.2951,1.2944,1.3639,1.322,1.2959,1.3133
6.791667,1.2889,1.29,1.3627,1.3301,1.2907,1.3072
7.041667,1.2854,1.278,1.3676,1.3293,1.292,1.3004
7.291944,1.294,1.275,1.3583,1.3338,1.2884,1.297
7.542222,1.2884,1.2832,1.3477,1.3372,1.2868,1.2926
7.791944,1.2822,1.2876,1.3455,1.3337,1.2778,1.2989
8.042222,1.2792,1.2866,1.3459,1.3375,1.2836,1.2994
8.292778,1.282,1.2832,1.3467,1.3474,1.288,1.2906
8.543056,1.2816,1.2784,1.3472,1.3505,1.2837,1.2997
8.793333,1.2721,1.2735,1.3347,1.3398,1.279,1.2986
9.043333,1.2615,1.2742,1.332,1.3523,1.2754,1.2914
9.293333,1.2648,1.2726,1.3341,1.3518,1.2708,1.2846
9.543056,1.2603,1.2738,1.3257,1.3435,1.2827,1.2854
9.793056,1.2614,1.2672,1.3322,1.3426,1.2794,1.2886
10.043056,1.2729,1.268,1.3307,1.3324,1.2699,1.2764
10.293333,1.2751,1.2655,1.3267,1.3313,1.2689,1.2711
10.543333,1.2739,1.2623,1.3363,1.3168,1.2658,1.2808
10.793611,1.2729,1.273,1.3226,1.3055,1.2607,1.2881
11.043889,1.2745,1.2682,1.3232,1.3038,1.2668,1.2914
11.294167,1.2706,1.2683,1.3115,1.3087,1.2676,1.2893
11.544444,1.2706,1.2648,1.287,1.3043,1.2724,1.2941
11.794444,1.2652,1.2615,1.2865,1.2953,1.262,1.2927
12.044444,1.2722,1.2629,1.2898,1.2869,1.2618,1.2815
12.294722,1.2698,1.2583,1.2823,1.3014,1.262,1.271
12.544722,1.2742,1.2574,1.2784,1.2925,1.2497,1.2713
12.794722,1.2643,1.2487,1.28,1.2942,1.2397,1.2673
13.045,1.2739,1.2473,1.2788,1.2871,1.2369,1.2637
13.296111,1.2682,1.2473,1.2729,1.2835,1.2317,1.2404
13.546389,1.2622,1.2219,1.2655,1.2677,1.2261,1.2395
13.796389,1.2545,1.2249,1.2587,1.2713,1.2216,1.2341
14.046389,1.2497,1.2279,1.2602,1.2635,1.2237,1.2188
14.296667,1.2408,1.218,1.2479,1.25,1.2095,1.2161
14.546389,1.2502,1.2145,1.2291,1.2516,1.199,1.2089
14.796667,1.2317,1.2067,1.2103,1.251,1.1968,1.2034
15.046667,1.2228,1.2028,1.2034,1.2462,1.189,1.1979
15.296944,1.2209,1.2045,1.2159,1.2527,1.1839,1.1984
15.546944,1.2266,1.19,1.2072,1.2533,1.1803,1.1943
15.796944,1.2168,1.1819,1.2066,1.2499,1.1791,1.1946
16.047222,1.2076,1.1816,1.1925,1.229,1.1666,1.1991
16.297222,1.2086,1.1755,1.1991,1.235,1.1685,1.1944
16.547222,1.2116,1.1801,1.1877,1.2379,1.1715,1.1975
16.797222,1.1968,1.1742,1.1845,1.239,1.1747,1.2068
17.047222,1.1976,1.167,1.1728,1.2306,1.1631,1.2054
17.2975,1.1983,1.1635,1.1678,1.2265,1.1676,1.1986
17.5475,1.1993,1.1667,1.1594,1.2173,1.1578,1.2065
17.7975,1.202,1.1575,1.1507,1.2135,1.1508,1.2131
18.047778,1.1928,1.1678,1.146,1.2165,1.1524,1.2041
18.298056,1.1963,1.179,1.1434,1.2128,1.1536,1.2004
18.548333,1.2002,1.1654,1.1569,1.2136,1.143,1.1999
18.798056,1.1908,1.1562,1.158,1.2065,1.1547,1.1998
19.048333,1.2015,1.1524,1.1628,1.2155,1.1598,1.2056
19.298611,1.2128,1.1517,1.1735,1.221,1.1611,1.2091
19.548611,1.218,1.1522,1.173,1.2267,1.1614,1.2201
19.798611,1.2227,1.1591,1.1849,1.2423,1.1671,1.2108
20.048889,1.222,1.1561,1.1946,1.2413,1.1636,1.2193
20.298889,1.227,1.1717,1.2033,1.24,1.1641,1.2316
20.548889,1.2225,1.1749,1.2051,1.2385,1.1738,1.2388
20.798611,1.2273,1.1764,1.2014,1.2337,1.1811,1.2476
21.048889,1.231,1.1817,1.2081,1.2352,1.187,1.2558
21.298889,1.2373,1.1913,1.2119,1.2346,1.1941,1.2492
21.549167,1.2433,1.1984,1.218,1.2332,1.2036,1.2504
21.799167,1.244,1.2063,1.2167,1.2341,1.1997,1.2594
22.048889,1.2415,1.2003,1.2242,1.2474,1.2012,1.2609
22.299167,1.236,1.2072,1.2298,1.254,1.206,1.2735
22.549444,1.2472,1.2138,1.2465,1.262,1.2189,1.2888
22.799722,1.2555,1.2137,1.2629,1.2832,1.2363,1.303
23.049722,1.2664,1.2287,1.2798,1.2958,1.2309,1.3076
23.3,1.2751,1.2492,1.2783,1.2992,1.2455,1.3171
23.55,1.2863,1.2636,1.2834,1.3158,1.2582,1.3314
23.8,1.2865,1.2856,1.2913,1.3226,1.2734,1.3429
25.082778,0.9395,0.9015,0.8884,0.8919,0.833,0.9385
25.333056,0.7114,0.6463,0.5692,0.7279,0.6811,0.6947
25.583056,0.5472,0.4884,0.408,0.5241,0.4761,0.4504
25.833333,0.5838,0.5273,0.4471,0.5452,0.5042,0.4785
26.083611,0.649,0.5887,0.5043,0.6113,0.5646,0.5398
26.333611,0.7215,0.6523,0.567,0.6689,0.6211,0.6095
26.583889,0.7973,0.7277,0.6464,0.737,0.6907,0.6872
26.833889,0.8909,0.8178,0.7307,0.8241,0.7793,0.7813
27.084167,0.9856,0.9147,0.8205,0.9231,0.8711,0.8699
27.334167,1.0769,0.9906,0.896,1.0117,0.9613,0.936
27.584167,1.1414,1.062,0.9534,1.0732,1.0216,0.9836
27.834167,1.1782,1.1,0.9888,1.1179,1.0553,1.0237
28.084167,1.207,1.1231,1.0049,1.1558,1.0809,1.0389
28.334444,1.224,1.1299,1.0076,1.1898,1.0932,1.0437
28.584444,1.2269,1.1314,1.0024,1.2078,1.0942,1.0483
28.834722,1.22,1.1288,0.9946,1.2055,1.0878,1.0439
29.084722,1.208,1.1058,0.9957,1.1974,1.0819,1.0456
29.335,1.2013,1.0853,0.981,1.1766,1.0761,1.0363
29.585,1.1926,1.0771,0.9771,1.164,1.0656,1.0333
29.835278,1.1827,1.0745,0.9778,1.1608,1.0597,1.0457
30.085556,1.1751,1.0771,0.9698,1.1667,1.0585,1.0585
30.335556,1.1744,1.0735,0.9782,1.1629,1.0596,1.0728
30.585833,1.1797,1.0752,0.9875,1.1601,1.0605,1.0693
30.835833,1.1797,1.0823,0.9949,1.1512,1.055,1.0743
31.086111,1.174,1.0756,0.9944,1.1661,1.0557,1.0774
31.336389,1.1694,1.0688,0.9967,1.1643,1.0596,1.0761
31.586667,1.1719,1.064,0.9907,1.1587,1.0672,1.0849
31.836667,1.1857,1.0685,1.0034,1.1555,1.0603,1.0914
32.086667,1.1881,1.0856,1.0222,1.1775,1.0756,1.1145
32.336944,1.1924,1.104,1.0415,1.2148,1.089,1.148
32.586944,1.2093,1.128,1.0642,1.2327,1.105,1.1989
32.837222,1.2445,1.1471,1.0988,1.2689,1.1242,1.2269
33.087222,1.27,1.1795,1.1376,1.2873,1.1412,1.2655
33.3375,1.2992,1.2007,1.1789,1.3117,1.1763,1.2947
33.5875,1.3322,1.2371,1.2092,1.352,1.2128,1.3204
33.837778,1.3589,1.2798,1.2556,1.3698,1.2526,1.3722
34.088056,1.3875,1.3202,1.3037,1.386,1.2877,1.4091
34.338056,1.4015,1.3465,1.3442,1.4047,1.3175,1.4407
34.588333,1.433,1.386,1.3819,1.4262,1.3576,1.4793
34.838056,1.4638,1.4224,1.4373,1.4573,1.3883,1.5167
35.088333,1.495,1.4633,1.4825,1.4941,1.4228,1.5642
35.338611,1.5321,1.5149,1.5113,1.541,1.4716,1.6125
35.588889,1.5561,1.5644,1.5517,1.5726,1.5038,1.6698
35.838889,1.59,1.6201,1.5921,1.6115,1.5299,1.7185
36.089167,1.6142,1.6639,1.6412,1.6525,1.56,1.7668
36.339444,1.6473,1.7043,1.6716,1.6891,1.6115,1.8058
36.589167,1.6768,1.7327,1.7253,1.7388,1.6474,1.8502
36.839444,1.7207,1.771,1.7661,1.7642,1.7023,1.8729
37.089444,1.7554,1.8234,1.8197,1.8059,1.7476,1.8973
37.339722,1.7795,1.8682,1.8474,1.8372,1.7669,1.9124
37.589722,1.8275,1.932,1.8728,1.8519,1.8114,1.9227
37.84,1.8764,1.9898,1.9051,1.8842,1.8492,1.9337
38.090278,1.9307,2.0387,1.916,1.9232,1.8915,1.9498
38.340278,1.9858,2.0894,1.9613,1.9657,1.9383,1.9826
38.590556,2.0315,2.1344,1.9956,2.0133,1.9894,2.0143
38.840556,2.0794,2.1755,2.0357,2.0606,2.0434,2.0398
39.090833,2.1179,2.2382,2.0545,2.108,2.0973,2.0541
39.340833,2.1658,2.2781,2.0735,2.1542,2.1545,2.0796
39.591111,2.205,2.342,2.0879,2.2142,2.207,2.1178
39.841111,2.2485,2.4022,2.0785,2.2839,2.2573,2.1226
40.091389,2.3134,2.4508,2.0836,2.3378,2.2986,2.1341
40.341667,2.3638,2.5098,2.1009,2.4032,2.344,2.1442
40.591389,2.4169,2.5568,2.0982,2.4596,2.397,2.1603
40.841667,2.4635,2.6003,2.1061,2.5251,2.4381,2.1754
41.091389,2.5164,2.651,2.1001,2.5817,2.4896,2.181
41.341667,2.5776,2.6884,2.0928,2.6503,2.5224,2.1771
41.591667,2.6364,2.7179,2.0773,2.7179,2.5517,2.1654
41.841944,2.6993,2.7671,2.0763,2.75,2.5981,2.1598
42.092222,2.7514,2.7895,2.0725,2.8057,2.6282,2.1656
42.341944,2.7727,2.8419,2.0576,2.8624,2.6595,2.1627
42.591389,2.8144,2.8687,2.0445,2.9061,2.6729,2.1617
42.841389,2.8464,2.8814,2.0277,2.9681,2.7146,2.1434
43.091667,2.8808,2.8882,1.9986,3.0115,2.7442,2.147
43.341667,2.9329,2.9319,1.992,3.0479,2.7782,2.1358
43.591944,2.9667,2.9611,1.9801,3.0908,2.8079,2.1154
43.841944,2.988,2.9904,1.9644,3.1416,2.847,2.0922
44.092222,3.0143,3.0108,1.9437,3.1713,2.859,2.0884
44.3425,3.0337,3.0193,1.9339,3.2116,2.8726,2.0685
44.5925,3.0657,3.0172,1.895,3.2376,2.8765,2.0415
44.842778,3.108,3.0267,1.8704,3.2549,2.8944,2.008
45.092778,3.151,3.023,1.8659,3.295,2.8957,1.9835
45.342778,3.1615,3.0288,1.852,3.3433,2.9136,1.9708
45.592778,3.1982,3.0445,1.8346,3.4227,2.9212,1.9628
45.842778,3.2269,3.051,1.8096,3.4629,2.9235,1.9537
46.093056,3.2611,3.0662,1.7889,3.5202,2.9146,1.9314
46.343056,3.2922,3.0588,1.7613,3.5713,2.9024,1.9179
46.593333,3.3229,3.038,1.741,3.6043,2.9144,1.8856
46.843333,3.3483,3.0048,1.7223,3.6272,2.9083,1.8642
47.093611,3.3704,3.0223,1.7061,3.6509,2.8895,1.8368
47.343611,3.3876,3.0207,1.6824,3.6835,2.8625,1.8258
47.593611,3.4277,3.0075,1.6522,3.7111,2.856,1.8009
47.843611,3.4449,3.0055,1.637,3.7347,2.8593,1.7756
48.093611,3.4568,2.9916,1.599,3.7603,2.8562,1.746
48.343889,3.4714,2.9868,1.562,3.7837,2.8615,1.7282
48.593889,3.5086,2.9818,1.5383,3.811,2.8734,1.6983
48.844167,3.5358,2.9697,1.522,3.8282,2.8524,1.6787
49.094167,3.5694,2.9583,1.5015,3.8565,2.8469,1.6476
49.344167,3.5737,2.9734,1.4719,3.9047,2.8505,1.6398
49.594167,3.6057,2.9691,1.4429,3.926,2.8493,1.6198
49.842778,3.613,2.9575,1.4164,3.9352,2.85,1.5877
50.092222,3.6197,2.9497,1.4012,3.9571,2.8353,1.5629
50.3425,3.6096,2.9426,1.3822,3.98,2.8145,1.5499
50.592778,3.6036,2.9218,1.3581,3.9899,2.7918,1.5395
50.842778,3.6166,2.9039,1.3298,3.9828,2.7761,1.5073
51.093056,3.6188,2.8875,1.2975,3.9683,2.767,1.4864
51.343333,3.6401,2.8559,1.2634,3.9863,2.7282,1.4597
51.593611,3.638,2.8457,1.2418,4.0263,2.7094,1.4371
51.843889,3.6458,2.8344,1.2177,4.0078,2.7005,1.411
52.093611,3.6548,2.8202,1.1916,4.0411,2.6955,1.3873
52.343889,3.6635,2.8004,1.1742,4.0312,2.682,1.37
52.593889,3.6715,2.7706,1.1549,4.063,2.6579,1.337
52.844167,3.6739,2.7563,1.1367,4.0466,2.6668,1.3196
53.094444,3.6737,2.7359,1.1148,4.082,2.6666,1.2963
53.344722,3.6624,2.7008,1.0937,4.1166,2.6568,1.2668
53.595,3.6788,2.6754,1.0839,4.1135,2.6357,1.2226
53.845,3.6738,2.6606,1.0575,4.1111,2.614,1.1932
54.095,3.6619,2.6522,1.03,4.1352,2.5729,1.1695
54.345,3.6847,2.6477,1.0124,4.1425,2.5626,1.1407
54.595,3.7159,2.6217,0.9988,4.1686,2.5652,1.1163
54.845,3.7128,2.5989,0.9821,4.1688,2.5398,1.0896
55.095278,3.7518,2.6041,0.9635,4.1546,2.5188,1.0648
55.345556,3.7672,2.5882,0.9459,4.162,2.5124,1.0312
55.595833,3.7786,2.5646,0.9244,4.1676,2.4996,1.0085
55.846111,3.7789,2.5433,0.9074,4.1557,2.4673,0.9787
56.096111,3.7745,2.5202,0.8786,4.1507,2.439,0.9623
56.346389,3.7721,2.4855,0.8635,4.1392,2.4169,0.9431
56.596667,3.7887,2.4588,0.8396,4.1509,2.4041,0.9236
56.846944,3.7818,2.4227,0.8256,4.1643,2.3981,0.9143
57.096944,3.7394,2.3883,0.8071,4.1303,2.3678,0.8972
57.347222,3.7073,2.3809,0.8017,4.1347,2.3374,0.8643
57.597222,3.6907,2.3485,0.7929,4.1201,2.3089,0.8551
57.847222,3.699,2.3323,0.7711,4.1368,2.296,0.8431
58.097222,3.7113,2.3121,0.7566,4.0986,2.2716,0.8226
58.347222,3.6814,2.288,0.7429,4.0786,2.2568,0.798
58.5975,3.64,2.2682,0.7275,4.0794,2.2347,0.7835
58.8475,3.6161,2.2486,0.7162,4.0174,2.2123,0.7612
59.097778,3.5913,2.239,0.6975,4.0006,2.1945,0.7407
59.348056,3.5716,2.1995,0.6802,3.9904,2.167,0.7223
59.598333,3.5407,2.1788,0.6628,3.9647,2.1428,0.7056
59.848611,3.5286,2.1454,0.6479,3.9719,2.1282,0.6915
60.098611,3.506,2.1185,0.6318,3.9248,2.1117,0.6725
60.348889,3.5035,2.0808,0.6182,3.9012,2.0758,0.6488
60.598889,3.493,2.0496,0.6026,3.8993,2.0589,0.6317
60.849167,3.504,1.9972,0.581,3.912,2.0475,0.6119
61.099167,3.4969,1.9735,0.5636,3.8929,2.028,0.5967
61.349444,3.4621,1.9542,0.5495,3.8912,2.0082,0.5808
61.599722,3.43,1.9305,0.5373,3.8789,1.9669,0.5607
61.85,3.4176,1.9089,0.5232,3.8674,1.9543,0.5396
62.100278,3.4076,1.8904,0.5115,3.846,1.9321,0.5289
62.350278,3.3897,1.8598,0.4956,3.8364,1.9107,0.5135
62.600556,3.3686,1.8411,0.4858,3.8108,1.8988,0.5021
62.850833,3.3539,1.8207,0.4749,3.7932,1.856,0.4828
63.101111,3.3186,1.7983,0.4611,3.7717,1.8408,0.4752
63.351389,3.3083,1.7798,0.4513,3.7768,1.823,0.4522
63.601667,3.301,1.7679,0.4381,3.7888,1.8037,0.4347
63.851667,3.3115,1.742,0.4265,3.7684,1.7854,0.4229
64.101944,3.2912,1.7162,0.4125,3.7414,1.775,0.4162
64.352222,3.2678,1.684,0.4049,3.7123,1.7356,0.4073
64.602222,3.2612,1.6683,0.3983,3.6792,1.7123,0.3996
64.8525,3.2415,1.659,0.393,3.6857,1.7007,0.3925
65.1025,3.2185,1.6405,0.3856,3.6597,1.6808,0.3859
65.352778,3.1878,1.6262,0.367,3.6488,1.6632,0.3773
65.602778,3.1695,1.6019,0.3599,3.638,1.6465,0.3654
65.853056,3.1391,1.5777,0.3535,3.6286,1.6341,0.3578
66.103056,3.1204,1.5603,0.3485,3.6301,1.6209,0.352
66.353056,3.0995,1.5441,0.3376,3.6182,1.6065,0.3404
66.603056,3.0767,1.5322,0.3321,3.5656,1.5928,0.3295
66.853056,3.0738,1.5066,0.3279,3.5531,1.5808,0.321
67.103333,3.0871,1.4916,0.3215,3.5306,1.5636,0.3181
67.353611,3.0546,1.4841,0.3187,3.5236,1.5541,0.3124
67.603889,3.0287,1.4686,0.3103,3.5067,1.5373,0.3026
67.854167,3.0308,1.4628,0.3019,3.4759,1.5344,0.2973
68.104444,3.0091,1.4495,0.2961,3.4655,1.5267,0.2951
68.354722,3.0184,1.4384,0.2891,3.4577,1.5222,0.2883
68.604722,3.0142,1.4217,0.2814,3.4514,1.5068,0.2829
68.855,2.9966,1.3861,0.2738,3.4647,1.4998,0.2737
69.105,2.9846,1.3793,0.2627,3.461,1.4851,0.2676
69.355278,2.953,1.3779,0.2606,3.4279,1.4701,0.2586
69.605278,2.9565,1.3712,0.2561,3.4318,1.4544,0.2538
69.855556,2.9494,1.3674,0.2536,3.4129,1.4454,0.2503
70.105833,2.9387,1.3618,0.2468,3.4347,1.4223,0.246
70.355833,2.9276,1.3633,0.2415,3.4691,1.4208,0.2375
70.605,2.9065,1.363,0.2345,3.4568,1.4109,0.2325
70.854444,2.8817,1.3491,0.2321,3.4327,1.4036,0.2306
71.104722,2.8668,1.3248,0.2243,3.3979,1.3883,0.225
71.354722,2.8433,1.3138,0.2197,3.3544,1.3988,0.2165
71.604722,2.8302,1.3044,0.2145,3.315,1.3921,0.2101
71.855,2.8205,1.2904,0.2121,3.2862,1.381,0.2075
72.105278,2.8073,1.2756,0.2039,3.2604,1.3742,0.2056
72.355,2.7785,1.2779,0.1986,3.2647,1.3616,0.1972
72.604722,2.7669,1.2611,0.194,3.2816,1.35,0.1896
72.855,2.7444,1.2606,0.1909,3.2828,1.3468,0.1851
73.105,2.7482,1.2567,0.1887,3.251,1.3377,0.1804
73.355,2.7328,1.2487,0.1824,3.2362,1.3351,0.1738
73.605,2.7181,1.2389,0.175,3.2249,1.3336,0.1696
73.855278,2.7059,1.2187,0.1712,3.2205,1.3221,0.166
74.105278,2.7193,1.2063,0.1611,3.2033,1.312,0.1621
74.355278,2.7092,1.1933,0.1541,3.1746,1.3012,0.159
74.605278,2.6875,1.1948,0.1517,3.1523,1.2881,0.1573
74.855278,2.693,1.1855,0.1501,3.1521,1.2831,0.15
75.105278,2.6902,1.1747,0.1456,3.1459,1.287,0.1427
75.355278,2.69,1.1716,0.1458,3.1334,1.2801,0.1408
75.605556,2.6702,1.1632,0.1419,3.1276,1.2692,0.1366
75.855556,2.6552,1.1497,0.1354,3.1275,1.2599,0.1319
76.105556,2.6515,1.1402,0.1291,3.1251,1.2577,0.1278
76.355833,2.6738,1.1452,0.1252,3.1128,1.2574,0.1279
76.605833,2.6992,1.1448,0.1245,3.1326,1.2423,0.1232
76.855833,2.7636,1.1986,0.1315,3.1148,1.2469,0.1192
77.105833,2.7507,1.1879,0.1296,3.1409,1.3173,0.1168
77.355833,2.7863,1.2018,0.1257,3.193,1.2861,0.1131
77.606111,2.7179,1.1697,0.1193,3.2202,1.2652,0.1096
77.855556,2.6965,1.1498,0.1165,3.171,1.2461,0.1078
78.105833,2.7044,1.1482,0.1108,3.099,1.2227,0.1043
78.355833,2.7133,1.1391,0.1087,3.0836,1.1962,0.1008
78.605833,2.7191,1.1213,0.1064,3.0737,1.176,0.0975
78.855833,2.6871,1.1019,0.1002,3.0759,1.1568,0.0936
79.105833,2.6601,1.0893,0.0941,3.0465,1.1459,0.0895
79.355833,2.6349,1.0725,0.0896,3.0405,1.1298,0.0831
79.605833,2.6299,1.0533,0.0839,3.0205,1.1156,0.0791
79.856111,2.6231,1.0438,0.0811,3.0083,1.1044,0.0735
80.105833,2.6069,1.0316,0.0785,2.9929,1.098,0.0716
80.355833,2.5908,1.0237,0.0757,3.0067,1.0927,0.0669
80.605833,2.5685,1.0121,0.0721,2.999,1.1004,0.0626
80.856111,2.5659,1.0004,0.0706,3.0306,1.1442,0.0613
81.106111,2.5719,0.999,0.068,3.0716,1.1836,0.058
81.356389,2.568,0.9961,0.0641,3.0849,1.19,0.0566
81.606389,2.5513,0.987,0.0594,3.0927,1.1743,0.0515
81.856111,2.5469,0.9821,0.0562,3.104,1.1635,0.0515
82.106389,2.5518,0.9775,0.055,3.0962,1.1579,0.0478
82.356667,2.5566,0.9792,0.0516,3.0817,1.1416,0.0459
82.606389,2.5516,0.9769,0.0508,3.0728,1.1384,0.0439
82.856389,2.5348,0.9663,0.0478,3.0784,1.1328,0.0408
83.106667,2.5378,0.9589,0.0457,3.0495,1.1256,0.0407
83.356667,2.5255,0.9559,0.0415,3.0197,1.1147,0.0361
83.606667,2.509,0.9493,0.041,3.0058,1.1039,0.032
83.856944,2.4961,0.9434,0.0382,3.0234,1.0921,0.0321
84.106944,2.4883,0.9405,0.0361,3.0059,1.0864,0.0337
84.357222,2.4996,0.9341,0.0348,2.9637,1.0779,0.0322
84.607222,2.4907,0.9225,0.0323,2.9554,1.0743,0.0287
84.8575,2.4749,0.9171,0.0318,2.9678,1.0718,0.0254
85.1075,2.4716,0.9095,0.0315,2.9712,1.0664,0.0214
85.357778,2.4641,0.9022,0.0264,2.9579,1.0614,0.0175
85.608056,2.4501,0.8951,0.026,2.9621,1.0584,0.0143
85.858056,2.4447,0.8891,0.0233,2.9577,1.06,0.0141
86.108333,2.444,0.8848,0.0212,2.9513,1.0478,0.0119
86.358333,2.4514,0.8767,0.0196,2.9422,1.0384,0.0089
86.608333,2.4253,0.8755,0.016,2.9244,1.0261,0.0085
86.858333,2.4174,0.8677,0.0123,2.9207,1.0191,0.004
87.108611,2.4094,0.86,0.009,2.9292,1.0163,0.0025
87.358611,2.398,0.8559,0.0077,2.9263,1.0177,0.0012
87.608611,2.4032,0.8452,0.0047,2.9259,1.0181,0.0032
87.858889,2.3835,0.844,0.0039,2.917,1.0165,-0.0007
88.108611,2.3848,0.838,0.0006,2.9218,1.0156,-0.0018
88.358611,2.3826,0.8302,0.0003,2.9273,1.0087,-0.004
88.608611,2.3807,0.8254,0.0005,2.9309,1.0085,-0.0056
88.858889,2.375,0.824,-0.0005,2.9222,1.0102,-0.0062
89.108889,2.3634,0.827,-0.0015,2.9107,1.02,-0.0096
89.358889,2.3668,0.8309,-0.005,2.9122,1.0188,-0.0095
89.609167,2.3758,0.8268,-0.0074,2.9191,1.0241,-0.0125
89.859167,2.3747,0.8277,-0.0071,2.9072,1.0221,-0.0135
90.109167,2.3713,0.8153,-0.0093,2.9144,1.0234,-0.0167
90.359167,2.3466,0.8085,-0.0105,2.9138,1.0231,-0.02
90.609444,2.3362,0.8072,-0.0133,2.9009,1.0248,-0.021
90.859722,2.3262,0.8015,-0.0138,2.8886,1.0237,-0.0233
91.11,2.3259,0.7992,-0.0156,2.887,1.018,-0.025
91.360278,2.3165,0.7905,-0.0166,2.8743,1.0163,-0.0248
91.610278,2.2999,0.7887,-0.0188,2.8687,1.0148,-0.027
91.860278,2.3095,0.7887,-0.0206,2.8653,1.0023,-0.0262
92.110278,2.3061,0.782,-0.0209,2.8596,0.9951,-0.0283
92.360556,2.3065,0.7813,-0.022,2.8734,0.9983,-0.0316
92.610556,2.3012,0.7857,-0.0221,2.891,0.9916,-0.031
92.860556,2.2916,0.7802,-0.022,2.883,0.9909,-0.0323
93.110833,2.2877,0.7788,-0.0237,2.8725,0.9946,-0.0345
93.361111,2.2938,0.7768,-0.0218,2.8519,0.9983,-0.0366
93.611111,2.2831,0.7708,-0.0228,2.8449,0.995,-0.0389
93.860833,2.2686,0.7683,-0.0238,2.8482,0.9911,-0.0426
94.111111,2.2561,0.7679,-0.0258,2.8564,0.9816,-0.0431
94.361111,2.2536,0.7587,-0.0256,2.8676,0.9781,-0.0445
94.611389,2.2654,0.7581,-0.0277,2.8555,0.9777,-0.0452
94.861389,2.2787,0.7563,-0.0282,2.844,0.9761,-0.0469
95.111389,2.2962,0.7581,-0.0314,2.8529,0.977,-0.0467
95.361389,2.3052,0.7607,-0.0311,2.8536,0.9783,-0.0486
95.611667,2.2814,0.7631,-0.0327,2.8824,0.9736,-0.0481
95.861667,2.2736,0.7667,-0.0343,2.8886,0.9719,-0.0513
96.111667,2.2924,0.7668,-0.0324,2.8883,0.9742,-0.0522
96.361667,2.285,0.7689,-0.0336,2.8761,0.968,-0.0544
96.611667,2.2855,0.7612,-0.0334,2.8744,0.967,-0.0547
96.861667,2.2972,0.7576,-0.0369,2.8496,0.9678,-0.0581
97.111667,2.296,0.7525,-0.0375,2.8346,0.9708,-0.0581
97.361944,2.2923,0.7446,-0.0404,2.8159,0.9691,-0.0593
97.611944,2.2803,0.7411,-0.0395,2.8448,0.9655,-0.0582
97.861667,2.2857,0.7392,-0.0414,2.8537,0.9521,-0.0594
98.111667,2.2904,0.7363,-0.042,2.8441,0.9464,-0.0616
98.361667,2.2933,0.7385,-0.043,2.8374,0.9463,-0.0615
98.611944,2.2852,0.7375,-0.0448,2.8368,0.9437,-0.0614
98.861944,2.285,0.7342,-0.0456,2.8419,0.9385,-0.062
99.111944,2.2789,0.7309,-0.0478,2.8472,0.9386,-0.067
99.362222,2.2792,0.7266,-0.0466,2.8474,0.9383,-0.0646
99.611944,2.276,0.7265,-0.0478,2.8515,0.9403,-0.0679
99.861944,2.2731,0.7203,-0.0497,2.8453,0.9432,-0.0683
100.112222,2.2696,0.7192,-0.0485,2.8409,0.9412,-0.0677
100.3625,2.2606,0.715,-0.0511,2.8316,0.9394,-0.0687
100.6125,2.2589,0.714,-0.0511,2.8317,0.937,-0.0694
100.862778,2.2557,0.7123,-0.0504,2.8341,0.9334,-0.07
101.112778,2.26,0.7105,-0.052,2.8495,0.9318,-0.0708
101.363056,2.268,0.7104,-0.054,2.8746,0.9284,-0.0732
101.613056,2.2618,0.7079,-0.0551,2.903,0.928,-0.0721
101.863056,2.2608,0.7042,-0.0549,2.8943,0.9301,-0.0727
102.113333,2.2601,0.7085,-0.0552,2.869,0.9243,-0.0747
102.363333,2.2593,0.7057,-0.0576,2.8641,0.9241,-0.077
102.613611,2.26,0.7124,-0.0573,2.8715,0.9282,-0.0781
102.863611,2.259,0.7008,-0.0593,2.8683,0.9252,-0.0776
103.113889,2.2425,0.6947,-0.0607,2.879,0.9222,-0.0805
103.364167,2.2411,0.6972,-0.0601,2.8794,0.9239,-0.0808
103.614167,2.2464,0.6947,-0.0618,2.8737,0.9217,-0.0822
103.864444,2.2347,0.6923,-0.0634,2.8636,0.9243,-0.0814
104.114167,2.2368,0.6895,-0.0636,2.8593,0.9188,-0.0831
104.364444,2.2394,0.6888,-0.0643,2.8527,0.9203,-0.0839
104.614444,2.242,0.6834,-0.0643,2.8525,0.9214,-0.0829
104.864722,2.2449,0.6793,-0.0648,2.8649,0.9229,-0.0831
105.114722,2.2462,0.6818,-0.0655,2.8811,0.9196,-0.0819
105.364722,2.2441,0.6785,-0.0677,2.9061,0.9129,-0.0863
105.614722,2.2441,0.6789,-0.0679,2.8891,0.9122,-0.0865
105.864444,2.242,0.6778,-0.0672,2.8647,0.9068,-0.0869
106.114444,2.2506,0.6695,-0.0677,2.867,0.9063,-0.0847
106.364444,2.2515,0.6707,-0.0702,2.85,0.9115,-0.0863
106.614722,2.2452,0.6671,-0.0702,2.8481,0.9118,-0.0878
106.865,2.2464,0.6641,-0.0705,2.8373,0.9101,-0.0885
107.115278,2.2305,0.6678,-0.0724,2.8313,0.9132,-0.0891
107.365278,2.2281,0.6707,-0.0734,2.8446,0.9098,-0.0887
107.615278,2.2342,0.6744,-0.0734,2.8507,0.911,-0.0895
107.865278,2.2364,0.6688,-0.0733,2.8453,0.9112,-0.0897
108.115833,2.243,0.6647,-0.075,2.8222,0.9158,-0.0917
108.366111,2.2398,0.6607,-0.0756,2.7999,0.9192,-0.0903
108.616111,2.2375,0.6582,-0.0741,2.7921,0.9154,-0.0916
108.866111,2.235,0.6627,-0.076,2.8059,0.9146,-0.0924
109.116111,2.2344,0.6592,-0.075,2.8143,0.9135,-0.0928
109.366111,2.2342,0.6529,-0.0763,2.8292,0.9102,-0.0925
109.616389,2.2428,0.6497,-0.0787,2.8126,0.9064,-0.0926
109.866111,2.2421,0.6534,-0.078,2.8011,0.9049,-0.094
110.116389,2.2339,0.649,-0.0789,2.8108,0.905,-0.0963
110.366389,2.2271,0.6495,-0.0811,2.8072,0.9061,-0.0964
110.616667,2.2395,0.6481,-0.0803,2.8166,0.9032,-0.0972
110.866667,2.242,0.6491,-0.0822,2.8239,0.9059,-0.0958
111.116667,2.2241,0.6514,-0.0828,2.8188,0.9031,-0.0967
111.366667,2.2289,0.6472,-0.0826,2.8059,0.907,-0.0971
111.616389,2.2307,0.6466,-0.0813,2.8034,0.9065,-0.0974
111.866389,2.2245,0.6368,-0.0833,2.7955,0.902,-0.0981
112.116389,2.2194,0.6352,-0.0844,2.7851,0.8977,-0.1011
112.366667,2.2197,0.6321,-0.0852,2.7623,0.8974,-0.1001
112.616667,2.2353,0.6303,-0.0847,2.7604,0.8986,-0.1006
112.866944,2.2358,0.6277,-0.0863,2.7759,0.8968,-0.1009
113.117222,2.2268,0.6283,-0.0875,2.7873,0.9002,-0.1028
113.367222,2.2249,0.6232,-0.0885,2.7957,0.897,-0.1043
113.6175,2.2244,0.6186,-0.0902,2.7783,0.8927,-0.1036
113.8675,2.2272,0.6143,-0.0868,2.7653,0.8892,-0.1025
114.1175,2.2211,0.6178,-0.0905,2.7618,0.8867,-0.1054
114.3675,2.2255,0.6188,-0.0896,2.7573,0.8861,-0.1037
114.617778,2.2183,0.6196,-0.0892,2.7664,0.8855,-0.1048
114.867778,2.2194,0.615,-0.0903,2.7725,0.8905,-0.1068
115.1175,2.2264,0.6117,-0.0905,2.766,0.8868,-0.1057
115.367778,2.2322,0.6097,-0.092,2.7504,0.8837,-0.1064
115.6175,2.2305,0.6088,-0.0912,2.7295,0.8857,-0.1072
115.867778,2.2317,0.6107,-0.094,2.7258,0.8822,-0.1073
116.117778,2.2331,0.6106,-0.093,2.7257,0.8784,-0.1078
116.367778,2.2331,0.6155,-0.0948,2.7277,0.8785,-0.1087
116.617778,2.2339,0.6176,-0.0968,2.7369,0.879,-0.1086
116.868056,2.2439,0.6157,-0.0941,2.7341,0.8764,-0.1098
117.118056,2.2385,0.62,-0.0969,2.7285,0.8718,-0.1123
117.368056,2.2409,0.6161,-0.0979,2.7185,0.8699,-0.1103
117.618333,2.2578,0.6217,-0.0985,2.7383,0.8738,-0.1116
117.868333,2.3085,0.6366,-0.0984,2.717,0.8781,-0.1107
118.118611,2.2933,0.6334,-0.0978,2.7259,0.8881,-0.1113
118.368611,2.3035,0.6314,-0.0977,2.7097,0.8998,-0.1129
118.618889,2.285,0.6273,-0.0988,2.7175,0.9,-0.1131
118.868889,2.268,0.6255,-0.0981,2.737,0.8973,-0.1139
119.118611,2.2604,0.6233,-0.0999,2.7344,0.8957,-0.1126
119.368611,2.2676,0.6113,-0.1003,2.7184,0.8906,-0.1116
119.618333,2.2669,0.6072,-0.1019,2.698,0.8851,-0.1148
119.868611,2.2491,0.6049,-0.101,2.6977,0.8796,-0.1126
120.118611,2.2485,0.6025,-0.1013,2.6931,0.8702,-0.1157
120.368611,2.2397,0.6031,-0.1027,2.6911,0.8724,-0.1148
120.618611,2.2235,0.6028,-0.1023,2.693,0.8722,-0.1149
120.868611,2.211,0.6031,-0.1036,2.7057,0.876,-0.1142
121.118611,2.2134,0.6004,-0.1037,2.7285,0.8732,-0.1168
121.368611,2.2059,0.5949,-0.1056,2.74,0.877,-0.1183
121.618611,2.2155,0.5936,-0.1049,2.748,0.8727,-0.1171
121.868611,2.2126,0.5934,-0.1058,2.7433,0.8766,-0.1162
122.118889,2.201,0.5841,-0.1066,2.7359,0.8739,-0.1176
122.369167,2.2047,0.5824,-0.1065,2.7231,0.8771,-0.1171
122.619444,2.2014,0.5756,-0.1054,2.7164,0.8768,-0.1182
122.869722,2.202,0.5779,-0.1068,2.7324,0.8732,-0.1183
123.119444,2.2049,0.5732,-0.1074,2.7358,0.8759,-0.1169
123.369444,2.2004,0.5725,-0.1087,2.7324,0.8723,-0.1186
123.619444,2.1958,0.5757,-0.1067,2.7222,0.876,-0.1178
123.869167,2.1924,0.5768,-0.1087,2.7339,0.8736,-0.12
124.119167,2.1936,0.5701,-0.1098,2.7311,0.8735,-0.12
124.369167,2.1974,0.5665,-0.1089,2.7357,0.8759,-0.1212
124.619167,2.1981,0.5613,-0.1102,2.7212,0.8771,-0.1213
124.868889,2.2142,0.5608,-0.1089,2.7326,0.8779,-0.1233
125.118889,2.2141,0.5648,-0.1114,2.7284,0.8762,-0.1218
125.368889,2.2116,0.5596,-0.1101,2.7436,0.8783,-0.1218
125.619167,2.2147,0.5655,-0.1124,2.7509,0.8713,-0.1232
125.869167,2.2203,0.5602,-0.1117,2.7431,0.8658,-0.124
126.119444,2.2234,0.5566,-0.1116,2.7254,0.8662,-0.1231
126.369722,2.2258,0.5557,-0.1118,2.7276,0.868,-0.1231
126.619722,2.2283,0.5593,-0.1123,2.7229,0.8681,-0.1247
126.87,2.2312,0.5617,-0.1126,2.7263,0.8676,-0.1254
127.12,2.2293,0.5605,-0.1124,2.7226,0.8733,-0.1272
127.370278,2.2294,0.5624,-0.1146,2.7316,0.8776,-0.1263
127.620556,2.2304,0.5625,-0.1138,2.7275,0.8788,-0.1256
127.870833,2.2272,0.5626,-0.1126,2.73,0.8734,-0.1276
128.121111,2.2232,0.561,-0.1135,2.7258,0.8738,-0.1272
128.371389,2.2302,0.5633,-0.1146,2.7179,0.8745,-0.129
128.621667,2.2344,0.5647,-0.1144,2.71,0.8756,-0.1272
128.871667,2.2338,0.5644,-0.1135,2.7007,0.8751,-0.1266
129.121389,2.2308,0.5687,-0.115,2.7075,0.8751,-0.1285
129.371667,2.2318,0.5677,-0.1141,2.7193,0.8733,-0.1279
129.621944,2.2384,0.5688,-0.1153,2.7524,0.8717,-0.1285
129.871944,2.2441,0.5719,-0.1164,2.7661,0.8736,-0.1295
130.122222,2.244,0.574,-0.1166,2.7625,0.8779,-0.1307
130.3725,2.2549,0.5731,-0.1168,2.7543,0.8738,-0.1307
130.6225,2.2557,0.574,-0.116,2.7465,0.8737,-0.1302
130.872778,2.2549,0.5781,-0.1164,2.749,0.8761,-0.1301
131.1225,2.258,0.5792,-0.1159,2.7507,0.8745,-0.1295
131.3725,2.2552,0.579,-0.1153,2.7628,0.8776,-0.1309
131.6225,2.2625,0.5777,-0.1177,2.7776,0.8817,-0.132
131.8725,2.262,0.5833,-0.1174,2.7918,0.877,-0.1327
132.122778,2.2713,0.5859,-0.1173,2.7997,0.8838,-0.1327
132.373056,2.2692,0.5839,-0.1172,2.8041,0.8833,-0.1317
132.623333,2.2769,0.5911,-0.1177,2.7984,0.8813,-0.1322
132.873333,2.2784,0.592,-0.1183,2.768,0.8806,-0.1319
133.123611,2.2776,0.5906,-0.1192,2.7612,0.8817,-0.1329
133.373611,2.28,0.5915,-0.1198,2.771,0.882,-0.1329
133.623889,2.2875,0.5914,-0.1193,2.785,0.8801,-0.1341
133.873889,2.284,0.5917,-0.1192,2.781,0.8889,-0.1342
134.124167,2.2818,0.5922,-0.1202,2.7836,0.8854,-0.1342
134.374167,2.2802,0.5951,-0.1195,2.7803,0.8875,-0.1353
134.624444,2.2795,0.5963,-0.12,2.761,0.8865,-0.1359
134.874167,2.2847,0.6025,-0.12,2.7698,0.8827,-0.1358
135.124167,2.2937,0.6021,-0.1215,2.7664,0.8783,-0.1365
135.374167,2.2907,0.603,-0.122,2.7815,0.8754,-0.1374
135.624167,2.3016,0.6037,-0.123,2.7973,0.8768,-0.1372
135.874167,2.3058,0.6047,-0.1222,2.8114,0.8766,-0.1365
136.124167,2.3014,0.6011,-0.1229,2.8104,0.8793,-0.1386
136.374167,2.3074,0.5996,-0.1222,2.8033,0.8895,-0.1356
136.624444,2.3157,0.6004,-0.1231,2.7893,0.889,-0.1366
136.873889,2.3236,0.5944,-0.1246,2.7815,0.8938,-0.138
137.123333,2.3187,0.6014,-0.1234,2.7758,0.8943,-0.1389
137.373056,2.3208,0.6024,-0.1237,2.7918,0.8957,-0.1393
137.623333,2.3224,0.6066,-0.1245,2.8172,0.8957,-0.1378
137.873333,2.3261,0.6074,-0.1249,2.8284,0.8952,-0.1387
138.123333,2.331,0.6088,-0.1253,2.831,0.8923,-0.139
138.373333,2.3321,0.6105,-0.1248,2.8214,0.8943,-0.1398
138.623333,2.3282,0.6134,-0.1253,2.8067,0.894,-0.1379
138.873611,2.3337,0.6145,-0.1258,2.8095,0.8938,-0.141
139.123611,2.331,0.6086,-0.1267,2.8141,0.9027,-0.1398
139.373611,2.3379,0.6068,-0.1262,2.8303,0.9063,-0.1421
139.623611,2.3465,0.6125,-0.1267,2.8479,0.912,-0.1414
139.873889,2.3617,0.6147,-0.127,2.8559,0.9121,-0.1417
140.123889,2.3711,0.6162,-0.1275,2.8616,0.9125,-0.1417
140.373889,2.3732,0.6161,-0.1281,2.8527,0.9138,-0.1426
140.623889,2.3776,0.6215,-0.1285,2.8353,0.9134,-0.1411
140.873333,2.3778,0.625,-0.1271,2.839,0.9118,-0.1418
141.123611,2.3758,0.629,-0.1282,2.8562,0.9125,-0.1431
141.373889,2.3829,0.6296,-0.1292,2.8657,0.9139,-0.1444
141.623889,2.3957,0.6343,-0.1304,2.8755,0.9206,-0.1437
141.874167,2.4065,0.6314,-0.1287,2.889,0.9251,-0.1431
142.123611,2.4074,0.6321,-0.1289,2.8989,0.9253,-0.1444
142.373611,2.4142,0.6323,-0.1312,2.8843,0.9271,-0.1438
142.623611,2.4127,0.631,-0.1294,2.8606,0.9294,-0.1439
142.873889,2.4172,0.6324,-0.1296,2.8573,0.9385,-0.1429
143.123889,2.4231,0.6319,-0.1307,2.8617,0.9415,-0.1445
143.374167,2.4222,0.6334,-0.1304,2.8781,0.9468,-0.1463
143.624167,2.4342,0.6393,-0.1323,2.9133,0.9445,-0.1469
143.874167,2.434,0.6407,-0.1319,2.9157,0.951,-0.1473
144.124722,2.4391,0.6454,-0.1311,2.9195,0.9541,-0.1448
144.374722,2.4638,0.6538,-0.1309,2.9245,0.9618,-0.1445
144.625,2.5078,0.6751,-0.1311,2.9364,0.9702,-0.1445
144.875,2.5026,0.6803,-0.1318,2.9252,0.9787,-0.146
145.128056,2.4725,0.668,-0.1317,2.9066,0.9846,-0.1462
145.378056,2.4622,0.6733,-0.132,2.9399,0.9791,-0.1476
145.628333,2.4931,0.6843,-0.1322,2.9572,0.976,-0.1472
145.878611,2.4767,0.6765,-0.1341,2.949,0.9711,-0.1494
146.128889,2.471,0.6764,-0.1322,2.9559,0.9753,-0.1506
146.38,2.4706,0.6756,-0.1337,2.9667,0.9856,-0.1507
146.63,2.4777,0.6723,-0.134,2.9619,0.9824,-0.1508
146.880278,2.4726,0.6729,-0.134,2.9539,0.9845,-0.1507
147.130278,2.4775,0.6745,-0.1364,2.9433,0.9843,-0.1505
147.380556,2.4762,0.6776,-0.1364,2.9626,0.9875,-0.151
147.630556,2.485,0.6791,-0.1352,2.9797,0.9926,-0.1519
147.882222,2.4866,0.6733,-0.135,2.989,0.9985,-0.1519
148.136944,2.4828,0.6758,-0.1356,3.0114,1.0072,-0.1508
148.391389,2.4857,0.6759,-0.1366,3.0145,1.0108,-0.1512
148.641667,2.4817,0.6684,-0.1377,3.0228,1.0119,-0.1525
148.891944,2.4886,0.6764,-0.1376,3.0305,1.012,-0.152
149.143056,2.4884,0.6776,-0.1383,3.0217,1.0154,-0.152
149.393056,2.4961,0.6808,-0.1375,3.0226,1.0145,-0.1524
149.644722,2.5057,0.6873,-0.1382,3.0337,1.0153,-0.1527
149.897778,2.5065,0.6857,-0.1391,3.0482,1.0131,-0.1533
150.151389,2.5038,0.6931,-0.1398,3.0372,1.0122,-0.1521
150.402222,2.5114,0.6955,-0.1392,3.0281,1.0183,-0.1526
150.652222,2.5154,0.6957,-0.1389,3.0339,1.0267,-0.1535
150.902222,2.5176,0.6945,-0.1396,3.0261,1.0248,-0.1526
151.152222,2.523,0.6951,-0.1411,3.0266,1.0369,-0.1546
151.403611,2.5287,0.7016,-0.14,3.0343,1.0455,-0.1546
151.653889,2.5438,0.6981,-0.141,3.0396,1.053,-0.1545
151.907778,2.5494,0.6997,-0.1422,3.0447,1.0554,-0.1527
152.162222,2.5497,0.7001,-0.1409,3.0623,1.0534,-0.1538
152.412222,2.5492,0.7033,-0.1417,3.069,1.0572,-0.1558
152.661944,2.5467,0.7093,-0.1414,3.087,1.0645,-0.1555
152.916111,2.5575,0.7056,-0.1416,3.0791,1.0621,-0.1561
153.166389,2.5592,0.7101,-0.1421,3.0762,1.0646,-0.1542
153.416389,2.5595,0.7184,-0.1424,3.0768,1.0691,-0.1567
153.670556,2.5597,0.7261,-0.1411,3.0928,1.0776,-0.1561
153.923611,2.5674,0.7344,-0.142,3.1093,1.0787,-0.1562
154.173611,2.5719,0.7411,-0.1408,3.1261,1.088,-0.1564
154.423611,2.5718,0.7394,-0.142,3.1246,1.0961,-0.1566
154.673611,2.5703,0.7364,-0.1429,3.1296,1.0968,-0.1575
154.928333,2.5742,0.7361,-0.1441,3.123,1.0986,-0.1586
155.181944,2.5711,0.7369,-0.1437,3.1131,1.098,-0.1577
155.436667,2.5773,0.7383,-0.1422,3.1169,1.1028,-0.1591
155.690278,2.5843,0.74,-0.1437,3.1292,1.1084,-0.1605
155.944167,2.5987,0.745,-0.143,3.1558,1.1135,-0.1581
156.198333,2.604,0.7491,-0.1422,3.1704,1.1137,-0.1599
156.4525,2.6143,0.7428,-0.1444,3.1773,1.1152,-0.1602
156.7025,2.6179,0.7425,-0.1452,3.1811,1.1207,-0.1603
156.952778,2.6167,0.7442,-0.1461,3.1736,1.1218,-0.161
157.202778,2.6212,0.7505,-0.1461,3.1639,1.1288,-0.1613
157.4575,2.6163,0.7531,-0.1473,3.17,1.1402,-0.1608
157.7075,2.6257,0.7528,-0.1463,3.1923,1.1471,-0.1615
157.957778,2.6343,0.7544,-0.1466,3.2085,1.15,-0.1621
158.207778,2.6454,0.7538,-0.1465,3.2027,1.1564,-0.1606
158.458056,2.6459,0.758,-0.1487,3.2028,1.1541,-0.161
158.708056,2.6529,0.7557,-0.1473,3.2194,1.1638,-0.1611
158.958611,2.6591,0.7559,-0.1483,3.2214,1.1616,-0.1634
159.212222,2.6607,0.7619,-0.1466,3.2224,1.1649,-0.1617
159.4625,2.6578,0.7654,-0.1489,3.2154,1.1692,-0.1614
159.712778,2.6739,0.7738,-0.1482,3.2122,1.1747,-0.1634
159.963056,2.6737,0.7814,-0.1488,3.2266,1.1807,-0.1636
160.213056,2.6768,0.7831,-0.1492,3.2482,1.1891,-0.1647
160.463056,2.6889,0.7905,-0.1489,3.2522,1.1914,-0.1644
160.713333,2.7005,0.7916,-0.1486,3.244,1.1976,-0.164
160.966389,2.7034,0.7961,-0.15,3.2341,1.1973,-0.165
161.220278,2.7146,0.7985,-0.1503,3.2409,1.2072,-0.1659
161.475,2.7236,0.7931,-0.1503,3.2497,1.209,-0.1658
161.725,2.7268,0.7926,-0.1495,3.2592,1.212,-0.1659
161.974722,2.732,0.7905,-0.1495,3.2706,1.2174,-0.1636
162.226389,2.7525,0.8042,-0.1499,3.3097,1.2227,-0.1645
162.476389,2.7772,0.8239,-0.149,3.3359,1.235,-0.1642
162.726667,2.7776,0.8252,-0.1498,3.3275,1.2591,-0.1631
162.978056,2.7539,0.814,-0.1513,3.3142,1.2515,-0.1651
163.231944,2.7456,0.8133,-0.1512,3.3129,1.2443,-0.1665
163.481944,2.7498,0.8136,-0.1523,3.3272,1.242,-0.1658
163.732222,2.7569,0.8189,-0.1512,3.3446,1.2385,-0.1663
163.982222,2.763,0.8257,-0.1529,3.3498,1.2373,-0.1658
164.236667,2.7652,0.8229,-0.151,3.3535,1.2446,-0.1666
164.490556,2.7645,0.8234,-0.1528,3.3509,1.253,-0.1655